{
    "name": "SoyNexosXD",
    "address": "45.61.187.2",
    "rollback": {
        "position": "-80.3054:77.0094:-43.423:world",
        "inventory": [
            "O:25:\"pocketmine\\item\\ItemBlock\":13:{s:25:\"\u0000pocketmine\\item\\Item\u0000nbt\";O:30:\"pocketmine\\nbt\\tag\\CompoundTag\":2:{s:10:\"\u0000*\u0000cloning\";b:0;s:37:\"\u0000pocketmine\\nbt\\tag\\CompoundTag\u0000value\";a:0:{}}s:8:\"\u0000*\u0000count\";i:64;s:13:\"\u0000*\u0000customName\";s:0:\"\";s:7:\"\u0000*\u0000lore\";a:0:{}s:17:\"\u0000*\u0000blockEntityTag\";N;s:13:\"\u0000*\u0000canPlaceOn\";a:0:{}s:13:\"\u0000*\u0000canDestroy\";a:0:{}s:14:\"\u0000*\u0000keepOnDeath\";b:0;s:32:\"\u0000pocketmine\\item\\Item\u0000identifier\";O:30:\"pocketmine\\item\\ItemIdentifier\":1:{s:38:\"\u0000pocketmine\\item\\ItemIdentifier\u0000typeId\";i:-10561;}s:7:\"\u0000*\u0000name\";s:11:\"Light Block\";s:37:\"\u0000pocketmine\\item\\Item\u0000enchantmentTags\";a:0:{}s:15:\"\u0000*\u0000enchantments\";a:0:{}s:32:\"\u0000pocketmine\\item\\ItemBlock\u0000block\";O:22:\"pocketmine\\block\\Light\":10:{s:9:\"\u0000*\u0000idInfo\";O:32:\"pocketmine\\block\\BlockIdentifier\":2:{s:45:\"\u0000pocketmine\\block\\BlockIdentifier\u0000blockTypeId\";i:10561;s:43:\"\u0000pocketmine\\block\\BlockIdentifier\u0000tileClass\";N;}s:15:\"\u0000*\u0000fallbackName\";s:11:\"Light Block\";s:11:\"\u0000*\u0000typeInfo\";O:30:\"pocketmine\\block\\BlockTypeInfo\":3:{s:40:\"\u0000pocketmine\\block\\BlockTypeInfo\u0000typeTags\";a:0:{}s:41:\"\u0000pocketmine\\block\\BlockTypeInfo\u0000breakInfo\";O:31:\"pocketmine\\block\\BlockBreakInfo\":4:{s:48:\"\u0000pocketmine\\block\\BlockBreakInfo\u0000blastResistance\";d:18000000;s:41:\"\u0000pocketmine\\block\\BlockBreakInfo\u0000hardness\";d:-1;s:41:\"\u0000pocketmine\\block\\BlockBreakInfo\u0000toolType\";i:0;s:49:\"\u0000pocketmine\\block\\BlockBreakInfo\u0000toolHarvestLevel\";i:0;}s:47:\"\u0000pocketmine\\block\\BlockTypeInfo\u0000enchantmentTags\";a:0:{}}s:11:\"\u0000*\u0000position\";O:25:\"pocketmine\\world\\Position\":4:{s:1:\"x\";i:0;s:1:\"y\";i:0;s:1:\"z\";i:0;s:5:\"world\";N;}s:17:\"\u0000*\u0000collisionBoxes\";N;s:54:\"\u0000pocketmine\\block\\Block\u0000requiredBlockItemStateDataBits\";i:4;s:54:\"\u0000pocketmine\\block\\Block\u0000requiredBlockOnlyStateDataBits\";i:0;s:36:\"\u0000pocketmine\\block\\Block\u0000defaultState\";O:22:\"pocketmine\\block\\Light\":10:{s:9:\"\u0000*\u0000idInfo\";r:18;s:15:\"\u0000*\u0000fallbackName\";s:11:\"Light Block\";s:11:\"\u0000*\u0000typeInfo\";r:22;s:11:\"\u0000*\u0000position\";O:25:\"pocketmine\\world\\Position\":4:{s:1:\"x\";i:0;s:1:\"y\";i:0;s:1:\"z\";i:0;s:5:\"world\";N;}s:17:\"\u0000*\u0000collisionBoxes\";N;s:54:\"\u0000pocketmine\\block\\Block\u0000requiredBlockItemStateDataBits\";i:4;s:54:\"\u0000pocketmine\\block\\Block\u0000requiredBlockOnlyStateDataBits\";i:0;s:36:\"\u0000pocketmine\\block\\Block\u0000defaultState\";r:38;s:38:\"\u0000pocketmine\\block\\Block\u0000stateIdXorMask\";i:21629411;s:29:\"\u0000pocketmine\\block\\Light\u0000level\";i:15;}s:38:\"\u0000pocketmine\\block\\Block\u0000stateIdXorMask\";i:21629411;s:29:\"\u0000pocketmine\\block\\Light\u0000level\";i:15;}}"
        ],
        "armorInventory": [],
        "cursorInventory": []
    }
}