{
	"format_version": "1.12.0",
	"minecraft:geometry": [
		{
			"description": {
				"identifier": "geometry.vital.airdrop",
				"texture_width": 128,
				"texture_height": 128,
				"visible_bounds_width": 3,
				"visible_bounds_height": 2,
				"visible_bounds_offset": [0, 1, 0]
			},
			"bones": [
				{
					"name": "safe",
					"pivot": [0, 8, 0]
				},
				{
					"name": "body",
					"parent": "safe",
					"pivot": [0, 0, 0],
					"cubes": [
						{"origin": [-8, 0, -7.5], "size": [16, 12, 15], "uv": [0, 0]},
						{"origin": [6, 0, -8], "size": [2, 12, 2], "inflate": 0.2, "uv": [0, 0]},
						{"origin": [-8, 0, -8], "size": [2, 12, 2], "inflate": 0.2, "uv": [0, 0]},
						{"origin": [-8, 0, 6], "size": [2, 12, 2], "inflate": 0.2, "uv": [8, 0]},
						{"origin": [6, 0, 6], "size": [2, 12, 2], "inflate": 0.2, "uv": [0, 0]},
						{"origin": [-8, 12, -8], "size": [2, 4, 2], "inflate": 0.2, "uv": [48, 0]},
						{"origin": [6, 12, -8], "size": [2, 4, 2], "inflate": 0.2, "uv": [46, 0]},
						{"origin": [-8, 12, 6], "size": [2, 4, 2], "inflate": 0.2, "uv": [48, 0]},
						{"origin": [6, 12, 6], "size": [2, 4, 2], "inflate": 0.2, "uv": [48, 0]},
						{"origin": [-8, 16, -8], "size": [16, 2, 16], "inflate": 0.3, "uv": [0, 66]},
						{"origin": [-8, 12, -7.5], "size": [16, 5, 15], "uv": [0, 27]},
						{"origin": [-8, 0, -8], "size": [16, 2, 16], "inflate": 0.32, "uv": [0, 48]}
					]
				},
				{
					"name": "door",
					"parent": "body",
					"pivot": [-6, 9, -8],
					"cubes": [
						{"origin": [-6, 2, -8.5], "size": [12, 14, 1], "uv": [47, 27]}
					]
				},
				{
					"name": "lock",
					"parent": "door",
					"pivot": [0.5, 8, -8.5],
					"cubes": [
						{"origin": [1, 7.5, -9], "size": [1, 1, 1], "uv": [0, 27]},
						{"origin": [-1, 7.5, -9], "size": [1, 1, 1], "uv": [0, 29]},
						{"origin": [0, 6.5, -9], "size": [1, 1, 1], "uv": [0, 27]},
						{"origin": [0, 8.5, -9], "size": [1, 1, 1], "uv": [0, 29]}
					]
				},
				{
					"name": "lock2",
					"parent": "door",
					"pivot": [-3, 11, -8],
					"cubes": [
						{"origin": [-4, 9, -9], "size": [1, 1, 1], "inflate": 0.3, "uv": [0, 27]},
						{"origin": [-4, 12, -9], "size": [1, 1, 1], "inflate": 0.3, "uv": [0, 29]},
						{"origin": [-4, 10.5, -9], "size": [1, 1, 1], "inflate": 0.3, "uv": [0, 31]},
						{"origin": [-2.5, 10.5, -9], "size": [1, 1, 1], "inflate": 0.3, "uv": [0, 27]},
						{"origin": [-5.5, 10.5, -9], "size": [1, 1, 1], "inflate": 0.3, "uv": [0, 29]}
					]
				}
			]
		}
	]
}