{
	"format_version": "1.12.0",
	"minecraft:geometry": [
		{
			"description": {
				"identifier": "geometry.vital.airdrop.parachute",
				"texture_width": 128,
				"texture_height": 128,
				"visible_bounds_width": 5,
				"visible_bounds_height": 4.5,
				"visible_bounds_offset": [0, 1.75, 0]
			},
			"bones": [
				{
					"name": "bone9",
					"pivot": [0, 0, 0]
				},
				{
					"name": "bone",
					"parent": "bone9",
					"pivot": [0, 18.14531, -28.93459],
					"rotation": [50, 0, 0],
					"cubes": [
						{"origin": [-20.22, 21.50895, 11.86798], "size": [38.22, 2.646, 0.98], "pivot": [-18.84495, -0.18386, -6.21159], "rotation": [57.5, 0, 0], "uv": [110, 87]},
						{"origin": [-55.68991, 21.37343, 11.31147], "size": [38.22, 2.646, 0.98], "pivot": [-18.84495, -0.18386, -6.21159], "rotation": [-22.5, 0, 180], "uv": [110, 87]},
						{"origin": [-20.22, 2.81995, -31.05135], "size": [38.22, 2.646, 0.98], "pivot": [-18.84495, -0.18386, -6.21159], "rotation": [-57.5, 0, 0], "uv": [110, 87]},
						{"origin": [-55.68991, 2.37286, -30.69334], "size": [38.22, 2.646, 0.98], "pivot": [-18.84495, -0.18386, -6.21159], "rotation": [-137.5, 0, 180], "uv": [110, 87]},
						{"origin": [-20.22, 17.01889, 15.7273], "size": [38.22, 2.646, 0.98], "pivot": [-18.84495, -0.18386, -6.21159], "rotation": [70, 0, 0], "uv": [110, 87]},
						{"origin": [-55.68991, 17.00703, 15.15465], "size": [38.22, 2.646, 0.98], "pivot": [-18.84495, -0.18386, -6.21159], "rotation": [-10, 0, -180], "uv": [110, 87]},
						{"origin": [-20.22, -2.62756, -32.09269], "size": [38.22, 2.646, 0.98], "pivot": [-18.84495, -0.18386, -6.21159], "rotation": [-70, 0, 0], "uv": [110, 87]},
						{"origin": [-55.68991, -2.98657, -31.6464], "size": [38.22, 2.646, 0.98], "pivot": [-18.84495, -0.18386, -6.21159], "rotation": [-150, 0, -180], "uv": [110, 87]},
						{"origin": [-20.22, 3.52952, -34.04021], "size": [38.22, 2.646, 0.98], "pivot": [-18.84495, -0.18386, -6.21159], "rotation": [-70, 0, 0], "uv": [110, 87]},
						{"origin": [-55.68991, 3.17051, -33.59392], "size": [38.22, 2.646, 0.98], "pivot": [-18.84495, -0.18386, -6.21159], "rotation": [-150, 0, -180], "uv": [110, 87]},
						{"origin": [-20.22, 10.86181, 13.77978], "size": [38.22, 2.646, 0.98], "pivot": [-18.84495, -0.18386, -6.21159], "rotation": [70, 0, 0], "uv": [110, 87]},
						{"origin": [-55.68991, 10.84995, 13.20714], "size": [38.22, 2.646, 0.98], "pivot": [-18.84495, -0.18386, -6.21159], "rotation": [-10, 0, -180], "uv": [110, 87]},
						{"origin": [-20.22, 8.31832, 17.2729], "size": [38.22, 2.646, 3.92], "pivot": [-18.84495, -0.18386, -6.21159], "rotation": [90, 0, 0], "uv": [110, 87]},
						{"origin": [-55.68991, 8.50304, 16.73073], "size": [38.22, 2.646, 3.92], "pivot": [-18.84495, -0.18386, -6.21159], "rotation": [10, 0, -180], "uv": [110, 87]},
						{"origin": [-20.22, 9.40199, -32.98414], "size": [38.22, 2.646, 0.98], "pivot": [-18.84495, -0.18386, -6.21159], "rotation": [-57.5, 0, 0], "uv": [110, 87]},
						{"origin": [-55.68991, 8.9549, -32.62613], "size": [38.22, 2.646, 0.98], "pivot": [-18.84495, -0.18386, -6.21159], "rotation": [-137.5, 0, 180], "uv": [110, 87]},
						{"origin": [-20.22, 3.02304, 17.2729], "size": [38.22, 2.646, 3.92], "pivot": [-18.84495, -0.18386, -6.21159], "rotation": [90, 0, 0], "uv": [110, 87]},
						{"origin": [-55.68991, 3.20776, 16.73073], "size": [38.22, 2.646, 3.92], "pivot": [-18.84495, -0.18386, -6.21159], "rotation": [10, 0, -180], "uv": [110, 87]},
						{"origin": [-20.22, 14.92691, 9.93519], "size": [38.22, 2.646, 0.98], "pivot": [-18.84495, -0.18386, -6.21159], "rotation": [57.5, 0, 0], "uv": [110, 87]},
						{"origin": [-55.68991, 14.79139, 9.37868], "size": [38.22, 2.646, 0.98], "pivot": [-18.84495, -0.18386, -6.21159], "rotation": [-22.5, 0, 180], "uv": [110, 87]},
						{"origin": [-20.22, 9.85569, -28.06378], "size": [38.22, 2.646, 0.98], "pivot": [-18.84495, -0.18386, -6.21159], "rotation": [-40, 0, 0], "uv": [110, 87]},
						{"origin": [-55.68991, 9.32163, -27.85678], "size": [38.22, 2.646, 0.98], "pivot": [-18.84495, -0.18386, -6.21159], "rotation": [-120, 0, 180], "uv": [110, 87]},
						{"origin": [-20.22, 26.11379, 4.64702], "size": [38.22, 2.646, 0.98], "pivot": [-18.84495, -0.18386, -6.21159], "rotation": [40, 0, 0], "uv": [110, 87]},
						{"origin": [-55.68991, 25.81721, 4.15702], "size": [38.22, 2.646, 0.98], "pivot": [-18.84495, -0.18386, -6.21159], "rotation": [-40, 0, -180], "uv": [110, 87]},
						{"origin": [-20.22, 16.88652, -29.04683], "size": [38.22, 2.646, 0.98], "pivot": [-18.84495, -0.18386, -6.21159], "rotation": [-40, 0, 0], "uv": [110, 87]},
						{"origin": [-55.68991, 16.35247, -28.83984], "size": [38.22, 2.646, 0.98], "pivot": [-18.84495, -0.18386, -6.21159], "rotation": [-120, 0, 180], "uv": [110, 87]},
						{"origin": [-20.22, 19.08296, 3.66397], "size": [38.22, 2.646, 0.98], "pivot": [-18.84495, -0.18386, -6.21159], "rotation": [40, 0, 0], "uv": [110, 87]},
						{"origin": [-55.68991, 18.78637, 3.17397], "size": [38.22, 2.646, 0.98], "pivot": [-18.84495, -0.18386, -6.21159], "rotation": [-40, 0, -180], "uv": [110, 87]},
						{"origin": [-20.22, 20.5091, -14.85913], "size": [38.22, 2.646, 2.94], "uv": [110, 87]},
						{"origin": [-55.68991, 19.96694, -15.04385], "size": [38.22, 2.646, 2.94], "pivot": [-18.84495, -0.18386, -6.21159], "rotation": [-80, 0, 180], "uv": [110, 87]},
						{"origin": [-20.22, 27.36614, -14.85913], "size": [38.22, 2.646, 2.94], "uv": [110, 87]},
						{"origin": [-55.68991, 26.82398, -15.04385], "size": [38.22, 2.646, 2.94], "pivot": [-18.84495, -0.18386, -6.21159], "rotation": [-80, 0, 180], "uv": [110, 87]},
						{"origin": [-20.22, 20.98244, -2.63915], "size": [38.22, 2.646, 0.98], "pivot": [-18.84495, -0.18386, -6.21159], "rotation": [25, 0, 0], "uv": [110, 87]},
						{"origin": [-55.68991, 20.56914, -3.03569], "size": [38.22, 2.646, 0.98], "pivot": [-18.84495, -0.18386, -6.21159], "rotation": [-55, 0, -180], "uv": [110, 87]},
						{"origin": [-20.22, 22.1249, -24.14576], "size": [38.22, 2.646, 0.98], "pivot": [-18.84495, -0.18386, -6.21159], "rotation": [-25, 0, 0], "uv": [110, 87]},
						{"origin": [-55.68991, 21.55547, -24.08404], "size": [38.22, 2.646, 0.98], "pivot": [-18.84495, -0.18386, -6.21159], "rotation": [-105, 0, 180], "uv": [110, 87]},
						{"origin": [-20.22, 14.91572, -23.77415], "size": [38.22, 2.646, 0.98], "pivot": [-18.84495, -0.18386, -6.21159], "rotation": [-25, 0, 0], "uv": [110, 87]},
						{"origin": [-55.68991, 14.34629, -23.71243], "size": [38.22, 2.646, 0.98], "pivot": [-18.84495, -0.18386, -6.21159], "rotation": [-105, 0, 180], "uv": [110, 87]},
						{"origin": [-20.22, 28.19162, -2.26754], "size": [38.22, 2.646, 0.98], "pivot": [-18.84495, -0.18386, -6.21159], "rotation": [25, 0, 0], "uv": [110, 87]},
						{"origin": [-55.68991, 27.77832, -2.66408], "size": [38.22, 2.646, 0.98], "pivot": [-18.84495, -0.18386, -6.21159], "rotation": [-55, 0, -180], "uv": [110, 87]}
					]
				},
				{
					"name": "bone2",
					"parent": "bone9",
					"pivot": [0, 31.14531, -20.93459],
					"rotation": [40, 0, 0],
					"cubes": [
						{"origin": [-55.68991, 38.7102, -5.8566], "size": [38.22, 2.646, 0.98], "pivot": [-18.84495, 12.22413, -9.85857], "rotation": [-75, 0, -180], "uv": [110, 87]}
					]
				},
				{
					"name": "bone8",
					"parent": "bone2",
					"pivot": [-11, 2.16974, 1.39711],
					"cubes": [
						{"origin": [-55.68991, 26.1536, -25.93652], "size": [38.22, 2.646, 0.98], "pivot": [-18.84495, 12.22413, -9.85857], "rotation": [-125, 0, -180], "uv": [110, 87]},
						{"origin": [-55.68991, 33.36277, -26.30814], "size": [38.22, 2.646, 0.98], "pivot": [-18.84495, 12.22413, -9.85857], "rotation": [-125, 0, -180], "uv": [110, 87]},
						{"origin": [-55.68991, 31.50103, -6.22821], "size": [38.22, 2.646, 0.98], "pivot": [-18.84495, 12.22413, -9.85857], "rotation": [-75, 0, -180], "uv": [110, 87]},
						{"origin": [-55.68991, 38.08623, -17.65512], "size": [38.22, 2.646, 2.94], "pivot": [-18.84495, 12.22413, -9.85857], "rotation": [-100, 0, -180], "uv": [110, 87]},
						{"origin": [-55.68991, 31.22919, -17.65512], "size": [38.22, 2.646, 2.94], "pivot": [-18.84495, 12.22413, -9.85857], "rotation": [-100, 0, -180], "uv": [110, 87]},
						{"origin": [-55.68991, 29.65093, -0.41608], "size": [38.22, 2.646, 0.98], "pivot": [-18.84495, 12.22413, -9.85857], "rotation": [-60, 0, -180], "uv": [110, 87]},
						{"origin": [-55.68991, 28.54851, -30.95694], "size": [38.22, 2.646, 0.98], "pivot": [-18.84495, 12.22413, -9.85857], "rotation": [-140, 0, 180], "uv": [110, 87]},
						{"origin": [-55.68991, 36.68176, 0.56697], "size": [38.22, 2.646, 0.98], "pivot": [-18.84495, 12.22413, -9.85857], "rotation": [-60, 0, -180], "uv": [110, 87]},
						{"origin": [-55.68991, 21.51768, -29.97389], "size": [38.22, 2.646, 0.98], "pivot": [-18.84495, 12.22413, -9.85857], "rotation": [-140, 0, 180], "uv": [110, 87]},
						{"origin": [-55.68991, 25.71026, 5.32188], "size": [38.22, 2.646, 0.98], "pivot": [-18.84495, 12.22413, -9.85857], "rotation": [-42.5, 0, -180], "uv": [110, 87]},
						{"origin": [-55.68991, 21.6208, -34.75031], "size": [38.22, 2.646, 0.98], "pivot": [-18.84495, 12.22413, -9.85857], "rotation": [-157.5, 0, -180], "uv": [110, 87]},
						{"origin": [-55.68991, 14.58004, 11.93801], "size": [38.22, 2.646, 3.92], "pivot": [-18.84495, 12.22413, -9.85857], "rotation": [-10, 0, -180], "uv": [110, 87]},
						{"origin": [-55.68991, 19.87531, 11.93801], "size": [38.22, 2.646, 3.92], "pivot": [-18.84495, 12.22413, -9.85857], "rotation": [-10, 0, -180], "uv": [110, 87]},
						{"origin": [-55.68991, 21.89283, 8.83774], "size": [38.22, 2.646, 0.98], "pivot": [-18.84495, 12.22413, -9.85857], "rotation": [-30, 0, -180], "uv": [110, 87]},
						{"origin": [-55.68991, 16.15989, -35.81001], "size": [38.22, 2.646, 0.98], "pivot": [-18.84495, 12.22413, -9.85857], "rotation": [-170, 0, -180], "uv": [110, 87]},
						{"origin": [-55.68991, 32.2923, 7.25467], "size": [38.22, 2.646, 0.98], "pivot": [-18.84495, 12.22413, -9.85857], "rotation": [-42.5, 0, -180], "uv": [110, 87]},
						{"origin": [-55.68991, 15.03875, -32.81752], "size": [38.22, 2.646, 0.98], "pivot": [-18.84495, 12.22413, -9.85857], "rotation": [-157.5, 0, -180], "uv": [110, 87]},
						{"origin": [-55.68991, 28.0499, 10.78526], "size": [38.22, 2.646, 0.98], "pivot": [-18.84495, 12.22413, -9.85857], "rotation": [-30, 0, -180], "uv": [110, 87]},
						{"origin": [-55.68991, 10.00281, -33.8625], "size": [38.22, 2.646, 0.98], "pivot": [-18.84495, 12.22413, -9.85857], "rotation": [-170, 0, -180], "uv": [110, 87]}
					]
				},
				{
					"name": "bone7",
					"parent": "bone2",
					"pivot": [0, 27.22037, -29.19858],
					"cubes": [
						{"origin": [-20.22, 32.06404, 7.71885], "size": [38.22, 2.646, 0.98], "pivot": [-18.84495, 12.22413, -9.85857], "rotation": [57.5, 0, 0], "uv": [110, 87]},
						{"origin": [-20.22, 15.55591, -32.80681], "size": [38.22, 2.646, 0.98], "pivot": [-18.84495, 12.22413, -9.85857], "rotation": [-57.5, 0, 0], "uv": [110, 87]},
						{"origin": [-20.22, 27.72659, 11.18903], "size": [38.22, 2.646, 0.98], "pivot": [-18.84495, 12.22413, -9.85857], "rotation": [70, 0, 0], "uv": [110, 87]},
						{"origin": [-20.22, 10.51002, -33.96398], "size": [38.22, 2.646, 0.98], "pivot": [-18.84495, 12.22413, -9.85857], "rotation": [-70, 0, 0], "uv": [110, 87]},
						{"origin": [-20.22, 16.6671, -35.9115], "size": [38.22, 2.646, 0.98], "pivot": [-18.84495, 12.22413, -9.85857], "rotation": [-70, 0, 0], "uv": [110, 87]},
						{"origin": [-20.22, 21.56951, 9.24151], "size": [38.22, 2.646, 0.98], "pivot": [-18.84495, 12.22413, -9.85857], "rotation": [70, 0, 0], "uv": [110, 87]},
						{"origin": [-20.22, 19.4334, 12.20684], "size": [38.22, 2.646, 3.92], "pivot": [-18.84495, 12.22413, -9.85857], "rotation": [90, 0, 0], "uv": [110, 87]},
						{"origin": [-20.22, 22.13795, -34.7396], "size": [38.22, 2.646, 0.98], "pivot": [-18.84495, 12.22413, -9.85857], "rotation": [-57.5, 0, 0], "uv": [110, 87]},
						{"origin": [-20.22, 14.13812, 12.20684], "size": [38.22, 2.646, 3.92], "pivot": [-18.84495, 12.22413, -9.85857], "rotation": [90, 0, 0], "uv": [110, 87]},
						{"origin": [-20.22, 25.482, 5.78606], "size": [38.22, 2.646, 0.98], "pivot": [-18.84495, 12.22413, -9.85857], "rotation": [57.5, 0, 0], "uv": [110, 87]},
						{"origin": [-20.22, 22.00768, -29.80817], "size": [38.22, 2.646, 0.98], "pivot": [-18.84495, 12.22413, -9.85857], "rotation": [-40, 0, 0], "uv": [110, 87]},
						{"origin": [-20.22, 36.60365, 1.07831], "size": [38.22, 2.646, 0.98], "pivot": [-18.84495, 12.22413, -9.85857], "rotation": [40, 0, 0], "uv": [110, 87]},
						{"origin": [-20.22, 29.03851, -30.79122], "size": [38.22, 2.646, 0.98], "pivot": [-18.84495, 12.22413, -9.85857], "rotation": [-40, 0, 0], "uv": [110, 87]},
						{"origin": [-20.22, 29.57282, 0.09526], "size": [38.22, 2.646, 0.98], "pivot": [-18.84495, 12.22413, -9.85857], "rotation": [40, 0, 0], "uv": [110, 87]},
						{"origin": [-20.22, 31.49802, -17.2132], "size": [38.22, 2.646, 2.94], "uv": [110, 87]},
						{"origin": [-20.22, 38.35506, -17.2132], "size": [38.22, 2.646, 2.94], "uv": [110, 87]},
						{"origin": [-20.22, 31.55791, -5.71408], "size": [38.22, 2.646, 0.98], "pivot": [-18.84495, 12.22413, -9.85857], "rotation": [25, 0, 0], "uv": [110, 87]},
						{"origin": [-20.22, 33.79319, -26.02124], "size": [38.22, 2.646, 0.98], "pivot": [-18.84495, 12.22413, -9.85857], "rotation": [-25, 0, 0], "uv": [110, 87]},
						{"origin": [-20.22, 26.58401, -25.64963], "size": [38.22, 2.646, 0.98], "pivot": [-18.84495, 12.22413, -9.85857], "rotation": [-25, 0, 0], "uv": [110, 87]},
						{"origin": [-20.22, 38.76709, -5.34247], "size": [38.22, 2.646, 0.98], "pivot": [-18.84495, 12.22413, -9.85857], "rotation": [25, 0, 0], "uv": [110, 87]}
					]
				},
				{
					"name": "bone3",
					"parent": "bone9",
					"pivot": [0, 31.14531, -7.93459],
					"rotation": [30, 0, 0],
					"cubes": [
						{"origin": [-20.22, 39.07267, 12.33964], "size": [38.22, 2.646, 0.98], "pivot": [-18.84495, 20.93492, -4.99954], "rotation": [57.5, 0, 0], "uv": [110, 87]},
						{"origin": [-55.68991, 39.19239, 11.84395], "size": [38.22, 2.646, 0.98], "pivot": [-18.84495, 20.93492, -4.99954], "rotation": [-62.5, 0, 180], "uv": [110, 87]},
						{"origin": [-20.22, 24.77015, -26.30442], "size": [38.22, 2.646, 0.98], "pivot": [-18.84495, 20.93492, -4.99954], "rotation": [-57.5, 0, 0], "uv": [110, 87]},
						{"origin": [-55.68991, 24.2703, -26.20343], "size": [38.22, 2.646, 0.98], "pivot": [-18.84495, 20.93492, -4.99954], "rotation": [-177.5, 0, -180], "uv": [110, 87]},
						{"origin": [-20.22, 34.82713, 15.44706], "size": [38.22, 2.646, 0.98], "pivot": [-18.84495, 20.93492, -4.99954], "rotation": [70, 0, 0], "uv": [110, 87]},
						{"origin": [-55.68991, 35.05129, 14.98903], "size": [38.22, 2.646, 0.98], "pivot": [-18.84495, 20.93492, -4.99954], "rotation": [-50, 0, -180], "uv": [110, 87]},
						{"origin": [-20.22, 20.06802, -27.60951], "size": [38.22, 2.646, 0.98], "pivot": [-18.84495, 20.93492, -4.99954], "rotation": [-70, 0, 0], "uv": [110, 87]},
						{"origin": [-55.68991, 19.60188, -27.40273], "size": [38.22, 2.646, 0.98], "pivot": [-18.84495, 20.93492, -4.99954], "rotation": [170, 0, -180], "uv": [110, 87]},
						{"origin": [-20.22, 26.2251, -29.55703], "size": [38.22, 2.646, 0.98], "pivot": [-18.84495, 20.93492, -4.99954], "rotation": [-70, 0, 0], "uv": [110, 87]},
						{"origin": [-55.68991, 25.75896, -29.35024], "size": [38.22, 2.646, 0.98], "pivot": [-18.84495, 20.93492, -4.99954], "rotation": [170, 0, -180], "uv": [110, 87]},
						{"origin": [-20.22, 28.67005, 13.49954], "size": [38.22, 2.646, 0.98], "pivot": [-18.84495, 20.93492, -4.99954], "rotation": [70, 0, 0], "uv": [110, 87]},
						{"origin": [-55.68991, 28.89421, 13.04151], "size": [38.22, 2.646, 0.98], "pivot": [-18.84495, 20.93492, -4.99954], "rotation": [-50, 0, -180], "uv": [110, 87]},
						{"origin": [-20.22, 26.8366, 15.95038], "size": [38.22, 2.646, 3.92], "pivot": [-18.84495, 20.93492, -4.99954], "rotation": [90, 0, 0], "uv": [110, 87]},
						{"origin": [-55.68991, 27.2039, 15.59664], "size": [38.22, 2.646, 3.92], "pivot": [-18.84495, 20.93492, -4.99954], "rotation": [-30, 0, 180], "uv": [110, 87]},
						{"origin": [-20.22, 31.35219, -28.23721], "size": [38.22, 2.646, 0.98], "pivot": [-18.84495, 20.93492, -4.99954], "rotation": [-57.5, 0, 0], "uv": [110, 87]},
						{"origin": [-55.68991, 30.85234, -28.13622], "size": [38.22, 2.646, 0.98], "pivot": [-18.84495, 20.93492, -4.99954], "rotation": [-177.5, 0, -180], "uv": [110, 87]},
						{"origin": [-20.22, 21.54132, 15.95038], "size": [38.22, 2.646, 3.92], "pivot": [-18.84495, 20.93492, -4.99954], "rotation": [90, 0, 0], "uv": [110, 87]},
						{"origin": [-55.68991, 21.90863, 15.59664], "size": [38.22, 2.646, 3.92], "pivot": [-18.84495, 20.93492, -4.99954], "rotation": [-30, 0, 180], "uv": [110, 87]},
						{"origin": [-20.22, 32.49063, 10.40685], "size": [38.22, 2.646, 0.98], "pivot": [-18.84495, 20.93492, -4.99954], "rotation": [57.5, 0, 0], "uv": [110, 87]},
						{"origin": [-55.68991, 32.61035, 9.91116], "size": [38.22, 2.646, 0.98], "pivot": [-18.84495, 20.93492, -4.99954], "rotation": [-62.5, 0, 180], "uv": [110, 87]},
						{"origin": [-20.22, 30.70445, -23.23045], "size": [38.22, 2.646, 0.98], "pivot": [-18.84495, 20.93492, -4.99954], "rotation": [-40, 0, 0], "uv": [110, 87]},
						{"origin": [-55.68991, 30.19737, -23.28444], "size": [38.22, 2.646, 0.98], "pivot": [-18.84495, 20.93492, -4.99954], "rotation": [-160, 0, -180], "uv": [110, 87]},
						{"origin": [-20.22, 43.61942, 6.22198], "size": [38.22, 2.646, 0.98], "pivot": [-18.84495, 20.93492, -4.99954], "rotation": [40, 0, 0], "uv": [110, 87]},
						{"origin": [-55.68991, 43.58454, 5.71323], "size": [38.22, 2.646, 0.98], "pivot": [-18.84495, 20.93492, -4.99954], "rotation": [-80, 0, 180], "uv": [110, 87]},
						{"origin": [-20.22, 37.73528, -24.2135], "size": [38.22, 2.646, 0.98], "pivot": [-18.84495, 20.93492, -4.99954], "rotation": [-40, 0, 0], "uv": [110, 87]},
						{"origin": [-55.68991, 37.2282, -24.26749], "size": [38.22, 2.646, 0.98], "pivot": [-18.84495, 20.93492, -4.99954], "rotation": [-160, 0, -180], "uv": [110, 87]},
						{"origin": [-20.22, 36.58859, 5.23893], "size": [38.22, 2.646, 0.98], "pivot": [-18.84495, 20.93492, -4.99954], "rotation": [40, 0, 0], "uv": [110, 87]},
						{"origin": [-55.68991, 36.5537, 4.73018], "size": [38.22, 2.646, 0.98], "pivot": [-18.84495, 20.93492, -4.99954], "rotation": [-80, 0, 180], "uv": [110, 87]},
						{"origin": [-20.22, 39.09332, -11.04659], "size": [38.22, 2.646, 2.94], "uv": [110, 87]},
						{"origin": [-55.68991, 38.73958, -11.41389], "size": [38.22, 2.646, 2.94], "pivot": [-18.84495, 20.93492, -4.99954], "rotation": [-120, 0, 180], "uv": [110, 87]},
						{"origin": [-20.22, 45.95036, -11.04659], "size": [38.22, 2.646, 2.94], "uv": [110, 87]},
						{"origin": [-55.68991, 45.59662, -11.41389], "size": [38.22, 2.646, 2.94], "pivot": [-18.84495, 20.93492, -4.99954], "rotation": [-120, 0, 180], "uv": [110, 87]},
						{"origin": [-20.22, 38.70511, -0.14141], "size": [38.22, 2.646, 0.98], "pivot": [-18.84495, 20.93492, -4.99954], "rotation": [25, 0, 0], "uv": [110, 87]},
						{"origin": [-55.68991, 38.53974, -0.6238], "size": [38.22, 2.646, 0.98], "pivot": [-18.84495, 20.93492, -4.99954], "rotation": [-95, 0, -180], "uv": [110, 87]},
						{"origin": [-20.22, 42.0456, -19.50571], "size": [38.22, 2.646, 0.98], "pivot": [-18.84495, 20.93492, -4.99954], "rotation": [-25, 0, 0], "uv": [110, 87]},
						{"origin": [-55.68991, 41.56978, -19.6891], "size": [38.22, 2.646, 0.98], "pivot": [-18.84495, 20.93492, -4.99954], "rotation": [-145, 0, 180], "uv": [110, 87]},
						{"origin": [-20.22, 34.83643, -19.1341], "size": [38.22, 2.646, 0.98], "pivot": [-18.84495, 20.93492, -4.99954], "rotation": [-25, 0, 0], "uv": [110, 87]},
						{"origin": [-55.68991, 34.3606, -19.31749], "size": [38.22, 2.646, 0.98], "pivot": [-18.84495, 20.93492, -4.99954], "rotation": [-145, 0, 180], "uv": [110, 87]},
						{"origin": [-20.22, 45.91429, 0.23021], "size": [38.22, 2.646, 0.98], "pivot": [-18.84495, 20.93492, -4.99954], "rotation": [25, 0, 0], "uv": [110, 87]},
						{"origin": [-55.68991, 45.74892, -0.25218], "size": [38.22, 2.646, 0.98], "pivot": [-18.84495, 20.93492, -4.99954], "rotation": [-95, 0, -180], "uv": [110, 87]}
					]
				},
				{
					"name": "bone4",
					"parent": "bone9",
					"pivot": [0, 31.14531, 5.06541],
					"rotation": [20, 0, 0],
					"cubes": [
						{"origin": [-20.22, 42.49956, 14.99392], "size": [38.22, 2.646, 0.98], "pivot": [-18.84495, 26.04596, -2.48712], "rotation": [57.5, 0, 0], "uv": [110, 87]},
						{"origin": [-55.68991, 42.39267, 14.51572], "size": [38.22, 2.646, 0.98], "pivot": [-18.84495, 26.04596, -2.48712], "rotation": [-82.5, 0, -180], "uv": [110, 87]},
						{"origin": [-20.22, 30.72152, -22.32558], "size": [38.22, 2.646, 0.98], "pivot": [-18.84495, 26.04596, -2.48712], "rotation": [-57.5, 0, 0], "uv": [110, 87]},
						{"origin": [-55.68991, 30.33329, -22.02661], "size": [38.22, 2.646, 0.98], "pivot": [-18.84495, 26.04596, -2.48712], "rotation": [162.5, 0, -180], "uv": [110, 87]},
						{"origin": [-20.22, 38.26323, 17.73346], "size": [38.22, 2.646, 0.98], "pivot": [-18.84495, 26.04596, -2.48712], "rotation": [70, 0, 0], "uv": [110, 87]},
						{"origin": [-55.68991, 38.26238, 17.24346], "size": [38.22, 2.646, 0.98], "pivot": [-18.84495, 26.04596, -2.48712], "rotation": [-70, 0, -180], "uv": [110, 87]},
						{"origin": [-20.22, 26.31686, -23.8473], "size": [38.22, 2.646, 0.98], "pivot": [-18.84495, 26.04596, -2.48712], "rotation": [-70, 0, 0], "uv": [110, 87]},
						{"origin": [-55.68991, 26.00254, -23.4714], "size": [38.22, 2.646, 0.98], "pivot": [-18.84495, 26.04596, -2.48712], "rotation": [150, 0, -180], "uv": [110, 87]},
						{"origin": [-20.22, 32.47394, -25.79482], "size": [38.22, 2.646, 0.98], "pivot": [-18.84495, 26.04596, -2.48712], "rotation": [-70, 0, 0], "uv": [110, 87]},
						{"origin": [-55.68991, 32.15962, -25.41892], "size": [38.22, 2.646, 0.98], "pivot": [-18.84495, 26.04596, -2.48712], "rotation": [150, 0, -180], "uv": [110, 87]},
						{"origin": [-20.22, 32.10615, 15.78594], "size": [38.22, 2.646, 0.98], "pivot": [-18.84495, 26.04596, -2.48712], "rotation": [70, 0, 0], "uv": [110, 87]},
						{"origin": [-55.68991, 32.1053, 15.29594], "size": [38.22, 2.646, 0.98], "pivot": [-18.84495, 26.04596, -2.48712], "rotation": [-70, 0, -180], "uv": [110, 87]},
						{"origin": [-20.22, 30.45102, 17.67754], "size": [38.22, 2.646, 3.92], "pivot": [-18.84495, 26.04596, -2.48712], "rotation": [90, 0, 0], "uv": [110, 87]},
						{"origin": [-55.68991, 30.61781, 17.2168], "size": [38.22, 2.646, 3.92], "pivot": [-18.84495, 26.04596, -2.48712], "rotation": [-50, 0, -180], "uv": [110, 87]},
						{"origin": [-20.22, 37.30356, -24.25837], "size": [38.22, 2.646, 0.98], "pivot": [-18.84495, 26.04596, -2.48712], "rotation": [-57.5, 0, 0], "uv": [110, 87]},
						{"origin": [-55.68991, 36.91533, -23.9594], "size": [38.22, 2.646, 0.98], "pivot": [-18.84495, 26.04596, -2.48712], "rotation": [162.5, 0, -180], "uv": [110, 87]},
						{"origin": [-20.22, 25.15575, 17.67754], "size": [38.22, 2.646, 3.92], "pivot": [-18.84495, 26.04596, -2.48712], "rotation": [90, 0, 0], "uv": [110, 87]},
						{"origin": [-55.68991, 25.32254, 17.2168], "size": [38.22, 2.646, 3.92], "pivot": [-18.84495, 26.04596, -2.48712], "rotation": [-50, 0, -180], "uv": [110, 87]},
						{"origin": [-20.22, 35.91751, 13.06113], "size": [38.22, 2.646, 0.98], "pivot": [-18.84495, 26.04596, -2.48712], "rotation": [57.5, 0, 0], "uv": [110, 87]},
						{"origin": [-55.68991, 35.81063, 12.58293], "size": [38.22, 2.646, 0.98], "pivot": [-18.84495, 26.04596, -2.48712], "rotation": [-82.5, 0, -180], "uv": [110, 87]},
						{"origin": [-20.22, 36.17597, -19.06679], "size": [38.22, 2.646, 0.98], "pivot": [-18.84495, 26.04596, -2.48712], "rotation": [-40, 0, 0], "uv": [110, 87]},
						{"origin": [-55.68991, 35.71581, -18.8984], "size": [38.22, 2.646, 0.98], "pivot": [-18.84495, 26.04596, -2.48712], "rotation": [-180, 0, 180], "uv": [110, 87]},
						{"origin": [-20.22, 47.16691, 9.37613], "size": [38.22, 2.646, 0.98], "pivot": [-18.84495, 26.04596, -2.48712], "rotation": [40, 0, 0], "uv": [110, 87]},
						{"origin": [-55.68991, 46.92117, 8.9522], "size": [38.22, 2.646, 0.98], "pivot": [-18.84495, 26.04596, -2.48712], "rotation": [-100, 0, 180], "uv": [110, 87]},
						{"origin": [-20.22, 43.2068, -20.04984], "size": [38.22, 2.646, 0.98], "pivot": [-18.84495, 26.04596, -2.48712], "rotation": [-40, 0, 0], "uv": [110, 87]},
						{"origin": [-55.68991, 42.74664, -19.88145], "size": [38.22, 2.646, 0.98], "pivot": [-18.84495, 26.04596, -2.48712], "rotation": [-180, 0, 180], "uv": [110, 87]},
						{"origin": [-20.22, 40.13608, 8.39308], "size": [38.22, 2.646, 0.98], "pivot": [-18.84495, 26.04596, -2.48712], "rotation": [40, 0, 0], "uv": [110, 87]},
						{"origin": [-55.68991, 39.89034, 7.96915], "size": [38.22, 2.646, 0.98], "pivot": [-18.84495, 26.04596, -2.48712], "rotation": [-100, 0, 180], "uv": [110, 87]},
						{"origin": [-20.22, 43.4191, -7.03754], "size": [38.22, 2.646, 2.94], "uv": [110, 87]},
						{"origin": [-55.68991, 42.95836, -7.20433], "size": [38.22, 2.646, 2.94], "pivot": [-18.84495, 26.04596, -2.48712], "rotation": [-140, 0, -180], "uv": [110, 87]},
						{"origin": [-20.22, 50.27614, -7.03754], "size": [38.22, 2.646, 2.94], "uv": [110, 87]},
						{"origin": [-55.68991, 49.8154, -7.20433], "size": [38.22, 2.646, 2.94], "pivot": [-18.84495, 26.04596, -2.48712], "rotation": [-140, 0, -180], "uv": [110, 87]},
						{"origin": [-20.22, 42.47197, 3.39555], "size": [38.22, 2.646, 0.98], "pivot": [-18.84495, 26.04596, -2.48712], "rotation": [25, 0, 0], "uv": [110, 87]},
						{"origin": [-55.68991, 42.12489, 3.04967], "size": [38.22, 2.646, 0.98], "pivot": [-18.84495, 26.04596, -2.48712], "rotation": [-115, 0, 180], "uv": [110, 87]},
						{"origin": [-20.22, 47.07746, -15.30502], "size": [38.22, 2.646, 0.98], "pivot": [-18.84495, 26.04596, -2.48712], "rotation": [-25, 0, 0], "uv": [110, 87]},
						{"origin": [-55.68991, 46.5894, -15.26147], "size": [38.22, 2.646, 0.98], "pivot": [-18.84495, 26.04596, -2.48712], "rotation": [-165, 0, 180], "uv": [110, 87]},
						{"origin": [-20.22, 39.86829, -14.93341], "size": [38.22, 2.646, 0.98], "pivot": [-18.84495, 26.04596, -2.48712], "rotation": [-25, 0, 0], "uv": [110, 87]},
						{"origin": [-55.68991, 39.38022, -14.88985], "size": [38.22, 2.646, 0.98], "pivot": [-18.84495, 26.04596, -2.48712], "rotation": [-165, 0, 180], "uv": [110, 87]},
						{"origin": [-20.22, 49.68115, 3.76717], "size": [38.22, 2.646, 0.98], "pivot": [-18.84495, 26.04596, -2.48712], "rotation": [25, 0, 0], "uv": [110, 87]},
						{"origin": [-55.68991, 49.33406, 3.42128], "size": [38.22, 2.646, 0.98], "pivot": [-18.84495, 26.04596, -2.48712], "rotation": [-115, 0, 180], "uv": [110, 87]}
					]
				},
				{
					"name": "bone5",
					"parent": "bone9",
					"pivot": [0, 31.14531, 14.06541],
					"rotation": [10, 0, 0],
					"cubes": [
						{"origin": [-20.22, 41.24209, 16.65458], "size": [38.22, 2.646, 0.98], "pivot": [-18.84495, 26.37479, -1.35016], "rotation": [57.5, 0, 0], "uv": [110, 87]},
						{"origin": [-55.68991, 40.85661, 16.28388], "size": [38.22, 2.646, 0.98], "pivot": [-18.84495, 26.37479, -1.35016], "rotation": [-102.5, 0, -180], "uv": [110, 87]},
						{"origin": [-20.22, 32.19536, -19.97228], "size": [38.22, 2.646, 0.98], "pivot": [-18.84495, 26.37479, -1.35016], "rotation": [-57.5, 0, 0], "uv": [110, 87]},
						{"origin": [-55.68991, 32.02231, -19.46625], "size": [38.22, 2.646, 0.98], "pivot": [-18.84495, 26.37479, -1.35016], "rotation": [142.5, 0, -180], "uv": [110, 87]},
						{"origin": [-20.22, 36.93002, 19.03837], "size": [38.22, 2.646, 0.98], "pivot": [-18.84495, 26.37479, -1.35016], "rotation": [70, 0, 0], "uv": [110, 87]},
						{"origin": [-55.68991, 36.63391, 18.59302], "size": [38.22, 2.646, 0.98], "pivot": [-18.84495, 26.37479, -1.35016], "rotation": [-90, 0, -180], "uv": [110, 87]},
						{"origin": [-20.22, 28.02683, -21.77066], "size": [38.22, 2.646, 0.98], "pivot": [-18.84495, 26.37479, -1.35016], "rotation": [-70, 0, 0], "uv": [110, 87]},
						{"origin": [-55.68991, 27.9674, -21.23917], "size": [38.22, 2.646, 0.98], "pivot": [-18.84495, 26.37479, -1.35016], "rotation": [130, 0, 180], "uv": [110, 87]},
						{"origin": [-20.22, 34.1839, -23.71818], "size": [38.22, 2.646, 0.98], "pivot": [-18.84495, 26.37479, -1.35016], "rotation": [-70, 0, 0], "uv": [110, 87]},
						{"origin": [-55.68991, 34.12448, -23.18669], "size": [38.22, 2.646, 0.98], "pivot": [-18.84495, 26.37479, -1.35016], "rotation": [130, 0, 180], "uv": [110, 87]},
						{"origin": [-20.22, 30.77294, 17.09085], "size": [38.22, 2.646, 0.98], "pivot": [-18.84495, 26.37479, -1.35016], "rotation": [70, 0, 0], "uv": [110, 87]},
						{"origin": [-55.68991, 30.47683, 16.6455], "size": [21.56, 2.646, 0.98], "pivot": [-18.84495, 26.37479, -1.35016], "rotation": [-90, 0, -180], "uv": [110, 87]},
						{"origin": [-20.22, 29.1606, 18.40388], "size": [38.22, 2.646, 3.92], "pivot": [-18.84495, 26.37479, -1.35016], "rotation": [90, 0, 0], "uv": [110, 87]},
						{"origin": [-55.68991, 29.03466, 17.88411], "size": [38.22, 2.646, 3.92], "pivot": [-18.84495, 26.37479, -1.35016], "rotation": [-70, 0, -180], "uv": [110, 87]},
						{"origin": [-20.22, 38.7774, -21.90507], "size": [38.22, 2.646, 0.98], "pivot": [-18.84495, 26.37479, -1.35016], "rotation": [-57.5, 0, 0], "uv": [110, 87]},
						{"origin": [-55.68991, 38.60435, -21.39904], "size": [21.56, 2.646, 0.98], "pivot": [-18.84495, 26.37479, -1.35016], "rotation": [142.5, 0, -180], "uv": [110, 87]},
						{"origin": [-20.22, 23.86532, 18.40388], "size": [38.22, 2.646, 3.92], "pivot": [-18.84495, 26.37479, -1.35016], "rotation": [90, 0, 0], "uv": [110, 87]},
						{"origin": [-55.68991, 23.73939, 17.88411], "size": [38.22, 2.646, 3.92], "pivot": [-18.84495, 26.37479, -1.35016], "rotation": [-70, 0, -180], "uv": [110, 87]},
						{"origin": [-20.22, 34.66005, 14.72179], "size": [38.22, 2.646, 0.98], "pivot": [-18.84495, 26.37479, -1.35016], "rotation": [57.5, 0, 0], "uv": [110, 87]},
						{"origin": [-55.68991, 34.27457, 14.35109], "size": [21.56, 2.646, 0.98], "pivot": [-18.84495, 26.37479, -1.35016], "rotation": [-102.5, 0, -180], "uv": [110, 87]},
						{"origin": [-20.22, 37.23106, -16.42547], "size": [38.22, 2.646, 0.98], "pivot": [-18.84495, 26.37479, -1.35016], "rotation": [-40, 0, 0], "uv": [110, 87]},
						{"origin": [-55.68991, 36.91384, -15.99489], "size": [38.22, 2.646, 0.98], "pivot": [-18.84495, 26.37479, -1.35016], "rotation": [160, 0, 180], "uv": [110, 87]},
						{"origin": [-20.22, 46.14034, 11.48955], "size": [38.22, 2.646, 0.98], "pivot": [-18.84495, 26.37479, -1.35016], "rotation": [40, 0, 0], "uv": [110, 87]},
						{"origin": [-55.68991, 45.66123, 11.25193], "size": [38.22, 2.646, 0.98], "pivot": [-18.84495, 26.37479, -1.35016], "rotation": [-120, 0, -180], "uv": [110, 87]},
						{"origin": [-20.22, 44.26189, -17.40852], "size": [38.22, 2.646, 0.98], "pivot": [-18.84495, 26.37479, -1.35016], "rotation": [-40, 0, 0], "uv": [110, 87]},
						{"origin": [-55.68991, 43.94468, -16.97795], "size": [38.22, 2.646, 0.98], "pivot": [-18.84495, 26.37479, -1.35016], "rotation": [160, 0, 180], "uv": [110, 87]},
						{"origin": [-20.22, 39.10951, 10.5065], "size": [38.22, 2.646, 0.98], "pivot": [-18.84495, 26.37479, -1.35016], "rotation": [40, 0, 0], "uv": [110, 87]},
						{"origin": [-55.68991, 38.63039, 10.26888], "size": [38.22, 2.646, 0.98], "pivot": [-18.84495, 26.37479, -1.35016], "rotation": [-120, 0, -180], "uv": [110, 87]},
						{"origin": [-20.22, 43.3373, -4.28133], "size": [38.22, 2.646, 2.94], "uv": [110, 87]},
						{"origin": [-55.68991, 42.81753, -4.15539], "size": [38.22, 2.646, 2.94], "pivot": [-18.84495, 26.37479, -1.35016], "rotation": [-160, 0, -180], "uv": [110, 87]},
						{"origin": [-20.22, 50.19434, -4.28133], "size": [38.22, 2.646, 2.94], "uv": [110, 87]},
						{"origin": [-55.68991, 49.67457, -4.15539], "size": [38.22, 2.646, 2.94], "pivot": [-18.84495, 26.37479, -1.35016], "rotation": [-160, 0, -180], "uv": [110, 87]},
						{"origin": [-20.22, 41.74431, 5.82651], "size": [38.22, 2.646, 0.98], "pivot": [-18.84495, 26.37479, -1.35016], "rotation": [25, 0, 0], "uv": [110, 87]},
						{"origin": [-55.68991, 41.22002, 5.72098], "size": [38.22, 2.646, 0.98], "pivot": [-18.84495, 26.37479, -1.35016], "rotation": [-135, 0, -180], "uv": [110, 87]},
						{"origin": [-20.22, 47.71845, -12.52698], "size": [38.22, 2.646, 0.98], "pivot": [-18.84495, 26.37479, -1.35016], "rotation": [-25, 0, 0], "uv": [110, 87]},
						{"origin": [-55.68991, 47.30061, -12.19318], "size": [38.22, 2.646, 0.98], "pivot": [-18.84495, 26.37479, -1.35016], "rotation": [175, 0, -180], "uv": [110, 87]},
						{"origin": [-20.22, 40.50927, -12.15537], "size": [38.22, 2.646, 0.98], "pivot": [-18.84495, 26.37479, -1.35016], "rotation": [-25, 0, 0], "uv": [110, 87]},
						{"origin": [-55.68991, 40.09143, -11.82157], "size": [38.22, 2.646, 0.98], "pivot": [-18.84495, 26.37479, -1.35016], "rotation": [175, 0, -180], "uv": [110, 87]},
						{"origin": [-20.22, 48.95349, 6.19812], "size": [38.22, 2.646, 0.98], "pivot": [-18.84495, 26.37479, -1.35016], "rotation": [25, 0, 0], "uv": [110, 87]},
						{"origin": [-55.68991, 48.4292, 6.0926], "size": [38.22, 2.646, 0.98], "pivot": [-18.84495, 26.37479, -1.35016], "rotation": [-135, 0, -180], "uv": [110, 87]}
					]
				},
				{
					"name": "bone6",
					"parent": "bone9",
					"pivot": [0, 31.14531, 25.06541],
					"cubes": [
						{"origin": [-20.22, 45.06593, 4.22343], "size": [38.22, 2.646, 0.98], "pivot": [-0.84495, 40.77038, -0.28757], "rotation": [57.5, 0, 0], "uv": [110, 87]},
						{"origin": [-3.56, 38.82929, -3.62573], "size": [21.56, 2.646, 0.98], "pivot": [-0.84495, 40.77038, -0.28757], "rotation": [-57.5, 0, 0], "uv": [110, 87]},
						{"origin": [-3.56, 43.92503, 4.63893], "size": [21.56, 2.646, 0.98], "pivot": [-0.84495, 40.77038, -0.28757], "rotation": [70, 0, 0], "uv": [110, 87]},
						{"origin": [-3.56, 38.15279, -4.10647], "size": [21.56, 2.646, 0.98], "pivot": [-0.84495, 40.77038, -0.28757], "rotation": [-70, 0, 0], "uv": [110, 87]},
						{"origin": [-20.22, 44.30987, -6.05399], "size": [38.22, 2.646, 0.98], "pivot": [-0.84495, 40.77038, -0.28757], "rotation": [-70, 0, 0], "uv": [110, 87]},
						{"origin": [-20.22, 37.76795, 2.69141], "size": [38.22, 2.646, 0.98], "pivot": [-0.84495, 40.77038, -0.28757], "rotation": [70, 0, 0], "uv": [110, 87]},
						{"origin": [-20.22, 41.89024, 2.40577], "size": [38.22, 2.646, 3.92], "pivot": [-0.84495, 40.77038, -0.28757], "rotation": [90, 0, 0], "uv": [110, 87]},
						{"origin": [-20.22, 45.41133, -5.55852], "size": [38.22, 2.646, 0.98], "pivot": [-0.84495, 40.77038, -0.28757], "rotation": [-57.5, 0, 0], "uv": [110, 87]},
						{"origin": [-20.22, 36.59497, 2.40577], "size": [38.22, 2.646, 3.92], "pivot": [-0.84495, 40.77038, -0.28757], "rotation": [90, 0, 0], "uv": [110, 87]},
						{"origin": [-20.22, 38.48389, 2.29064], "size": [38.22, 2.646, 0.98], "pivot": [-0.84495, 40.77038, -0.28757], "rotation": [57.5, 0, 0], "uv": [110, 87]},
						{"origin": [-3.56, 39.62825, -3.12028], "size": [21.56, 2.646, 0.98], "pivot": [-0.84495, 40.77038, -0.28757], "rotation": [-40, 0, 0], "uv": [110, 87]},
						{"origin": [-20.22, 46.39583, 2.86193], "size": [38.22, 2.646, 0.98], "pivot": [-0.84495, 40.77038, -0.28757], "rotation": [40, 0, 0], "uv": [110, 87]},
						{"origin": [-20.22, 46.65908, -4.10333], "size": [38.22, 2.646, 0.98], "pivot": [-0.84495, 40.77038, -0.28757], "rotation": [-40, 0, 0], "uv": [110, 87]},
						{"origin": [-20.22, 39.365, 1.87888], "size": [38.22, 2.646, 0.98], "pivot": [-0.84495, 40.77038, -0.28757], "rotation": [40, 0, 0], "uv": [110, 87]},
						{"origin": [-20.22, 40.67219, -1.55279], "size": [38.22, 2.646, 2.94], "uv": [110, 87]},
						{"origin": [-20.22, 47.52923, -1.55279], "size": [38.22, 2.646, 2.94], "uv": [110, 87]},
						{"origin": [-20.22, 39.9736, 1.1888], "size": [38.22, 2.646, 0.98], "pivot": [-0.84495, 40.77038, -0.28757], "rotation": [25, 0, 0], "uv": [110, 87]},
						{"origin": [-20.22, 47.35586, -2.74437], "size": [38.22, 2.646, 0.98], "pivot": [-0.84495, 40.77038, -0.28757], "rotation": [-25, 0, 0], "uv": [110, 87]},
						{"origin": [-20.22, 40.14668, -2.37276], "size": [38.22, 2.646, 0.98], "pivot": [-0.84495, 40.77038, -0.28757], "rotation": [-25, 0, 0], "uv": [110, 87]},
						{"origin": [-20.22, 47.18278, 1.56041], "size": [38.22, 2.646, 0.98], "pivot": [-0.84495, 40.77038, -0.28757], "rotation": [25, 0, 0], "uv": [110, 87]}
					]
				},
				{
					"name": "bone10",
					"pivot": [0, 0, 0],
					"cubes": [
						{"origin": [7.6029, 14.59472, -12.84851], "size": [1, 28, 1], "pivot": [11.89859, 23.32117, -7], "rotation": [47.5, -20, 10], "uv": [240, 2]},
						{"origin": [7.6029, 14.59472, 11.84851], "size": [1, 28, 1], "pivot": [11.89859, 23.32117, 7], "rotation": [-47.5, 20, 10], "uv": [240, 2]},
						{"origin": [-8.6029, 14.59472, -11.84851], "size": [1, 28, 1], "pivot": [-11.89859, 23.32117, -5], "rotation": [45, 20, -10], "uv": [240, 2], "mirror": true},
						{"origin": [-9.6029, 14.59472, 10.84851], "size": [1, 28, 1], "pivot": [-13.89859, 23.32117, 6], "rotation": [-50, -20, -10], "uv": [240, 2], "mirror": true}
					]
				},
				{
					"name": "safe",
					"pivot": [0, 8, 0],
					"rotation": [0, -90, 0]
				},
				{
					"name": "body",
					"parent": "safe",
					"pivot": [0, 0, 0],
					"cubes": [
						{"origin": [-8, 0, -7.5], "size": [16, 12, 15], "uv": [0, 0]},
						{"origin": [6, 0, -8], "size": [2, 12, 2], "inflate": 0.2, "uv": [0, 0]},
						{"origin": [-8, 0, -8], "size": [2, 12, 2], "inflate": 0.2, "uv": [0, 0]},
						{"origin": [-8, 0, 6], "size": [2, 12, 2], "inflate": 0.2, "uv": [8, 0]},
						{"origin": [6, 0, 6], "size": [2, 12, 2], "inflate": 0.2, "uv": [0, 0]},
						{"origin": [-8, 12, -8], "size": [2, 4, 2], "inflate": 0.2, "uv": [48, 0]},
						{"origin": [6, 12, -8], "size": [2, 4, 2], "inflate": 0.2, "uv": [46, 0]},
						{"origin": [-8, 12, 6], "size": [2, 4, 2], "inflate": 0.2, "uv": [48, 0]},
						{"origin": [6, 12, 6], "size": [2, 4, 2], "inflate": 0.2, "uv": [48, 0]},
						{"origin": [-8, 16, -8], "size": [16, 2, 16], "inflate": 0.3, "uv": [0, 66]},
						{"origin": [-8, 12, -7.5], "size": [16, 5, 15], "uv": [0, 27]},
						{"origin": [-8, 0, -8], "size": [16, 2, 16], "inflate": 0.32, "uv": [0, 48]}
					]
				},
				{
					"name": "door",
					"parent": "body",
					"pivot": [-6, 9, -8],
					"cubes": [
						{"origin": [-6, 2, -8.5], "size": [12, 14, 1], "uv": [47, 27]}
					]
				},
				{
					"name": "lock",
					"parent": "door",
					"pivot": [0.5, 8, -8.5],
					"cubes": [
						{"origin": [1, 7.5, -9], "size": [1, 1, 1], "uv": [0, 27]},
						{"origin": [-1, 7.5, -9], "size": [1, 1, 1], "uv": [0, 29]},
						{"origin": [0, 6.5, -9], "size": [1, 1, 1], "uv": [0, 27]},
						{"origin": [0, 8.5, -9], "size": [1, 1, 1], "uv": [0, 29]}
					]
				},
				{
					"name": "lock2",
					"parent": "door",
					"pivot": [-3, 11, -8],
					"cubes": [
						{"origin": [-4, 9, -9], "size": [1, 1, 1], "inflate": 0.3, "uv": [0, 27]},
						{"origin": [-4, 12, -9], "size": [1, 1, 1], "inflate": 0.3, "uv": [0, 29]},
						{"origin": [-4, 10.5, -9], "size": [1, 1, 1], "inflate": 0.3, "uv": [0, 31]},
						{"origin": [-2.5, 10.5, -9], "size": [1, 1, 1], "inflate": 0.3, "uv": [0, 27]},
						{"origin": [-5.5, 10.5, -9], "size": [1, 1, 1], "inflate": 0.3, "uv": [0, 29]}
					]
				}
			]
		}
	]
}