{
    "minecraft:acacia_button": {
        "button_pressed_bit": "false",
        "facing_direction": "1"
    },
    "minecraft:acacia_door": {
        "direction": "3",
        "upper_block_bit": "false",
        "door_hinge_bit": "false",
        "open_bit": "false"
    },
    "minecraft:acacia_fence_gate": {
        "direction": "2",
        "in_wall_bit": "false",
        "open_bit": "false"
    },
    "minecraft:acacia_hanging_sign": {
        "attached_bit": "false",
        "hanging": "true",
        "ground_sign_direction": "0",
        "facing_direction": "2"
    },
    "minecraft:acacia_leaves": {
        "persistent_bit": "false",
        "update_bit": "false"
    },
    "minecraft:acacia_log": {
        "pillar_axis": "y"
    },
    "minecraft:acacia_pressure_plate": {
        "redstone_signal": "0"
    },
    "minecraft:acacia_sapling": {
        "age_bit": "false"
    },
    "minecraft:acacia_standing_sign": {
        "ground_sign_direction": "0"
    },
    "minecraft:acacia_slab": {
        "minecraft:vertical_half": "bottom"
    },
    "minecraft:acacia_double_slab": {
        "minecraft:vertical_half": "bottom"
    },
    "minecraft:acacia_stairs": {
        "weirdo_direction": "3",
        "upside_down_bit": "false"
    },
    "minecraft:acacia_trapdoor": {
        "direction": "3",
        "upside_down_bit": "false",
        "open_bit": "false"
    },
    "minecraft:acacia_wall_sign": {
        "facing_direction": "2"
    },
    "minecraft:acacia_wood": {
        "pillar_axis": "y"
    },
    "minecraft:activator_rail": {
        "rail_data_bit": "false",
        "rail_direction": "0"
    },
    "minecraft:amethyst_cluster": {
        "minecraft:block_face": "north"
    },
    "minecraft:stone_block_slab3": {
        "stone_slab_type_3": "end_stone_brick",
        "minecraft:vertical_half": "bottom"
    },
    "minecraft:double_stone_block_slab3": {
        "stone_slab_type_3": "end_stone_brick",
        "minecraft:vertical_half": "bottom"
    },
    "minecraft:andesite_stairs": {
        "weirdo_direction": "3",
        "upside_down_bit": "false"
    },
    "minecraft:cobblestone_wall": {
        "wall_connection_type_east": "none",
        "wall_connection_type_north": "none",
        "wall_connection_type_south": "none",
        "wall_post_bit": "false",
        "wall_connection_type_west": "none",
        "wall_block_type": "cobblestone"
    },
    "minecraft:anvil": {
        "minecraft:cardinal_direction": "north",
        "damage": "undamaged"
    },
    "minecraft:melon_stem": {
        "facing_direction": "0",
        "growth": "0"
    },
    "minecraft:pumpkin_stem": {
        "facing_direction": "0",
        "growth": "0"
    },
    "minecraft:azalea_leaves": {
        "persistent_bit": "false",
        "update_bit": "false"
    },
    "minecraft:bamboo": {
        "bamboo_stalk_thickness": "thin",
        "bamboo_leaf_size": "no_leaves",
        "age_bit": "false"
    },
    "minecraft:bamboo_block": {
        "pillar_axis": "y"
    },
    "minecraft:bamboo_button": {
        "button_pressed_bit": "false",
        "facing_direction": "1"
    },
    "minecraft:bamboo_door": {
        "direction": "3",
        "upper_block_bit": "false",
        "door_hinge_bit": "false",
        "open_bit": "false"
    },
    "minecraft:bamboo_fence_gate": {
        "direction": "2",
        "in_wall_bit": "false",
        "open_bit": "false"
    },
    "minecraft:bamboo_hanging_sign": {
        "attached_bit": "false",
        "hanging": "true",
        "ground_sign_direction": "0",
        "facing_direction": "2"
    },
    "minecraft:bamboo_mosaic_slab": {
        "minecraft:vertical_half": "bottom"
    },
    "minecraft:bamboo_mosaic_double_slab": {
        "minecraft:vertical_half": "bottom"
    },
    "minecraft:bamboo_mosaic_stairs": {
        "weirdo_direction": "3",
        "upside_down_bit": "false"
    },
    "minecraft:bamboo_pressure_plate": {
        "redstone_signal": "0"
    },
    "minecraft:bamboo_sapling": {
        "age_bit": "false"
    },
    "minecraft:bamboo_standing_sign": {
        "ground_sign_direction": "0"
    },
    "minecraft:bamboo_slab": {
        "minecraft:vertical_half": "bottom"
    },
    "minecraft:bamboo_double_slab": {
        "minecraft:vertical_half": "bottom"
    },
    "minecraft:bamboo_stairs": {
        "weirdo_direction": "3",
        "upside_down_bit": "false"
    },
    "minecraft:bamboo_trapdoor": {
        "direction": "3",
        "upside_down_bit": "false",
        "open_bit": "false"
    },
    "minecraft:bamboo_wall_sign": {
        "facing_direction": "2"
    },
    "minecraft:barrel": {
        "facing_direction": "2",
        "open_bit": "false"
    },
    "minecraft:basalt": {
        "pillar_axis": "y"
    },
    "minecraft:bedrock": {
        "infiniburn_bit": "false"
    },
    "minecraft:bee_nest": {
        "honey_level": "0",
        "direction": "2"
    },
    "minecraft:beehive": {
        "honey_level": "0",
        "direction": "2"
    },
    "minecraft:beetroot": {
        "growth": "0"
    },
    "minecraft:bell": {
        "attachment": "standing",
        "direction": "0",
        "toggle_bit": "false"
    },
    "minecraft:big_dripleaf": {
        "minecraft:cardinal_direction": "north",
        "big_dripleaf_tilt": "none",
        "big_dripleaf_head": "true"
    },
    "minecraft:birch_button": {
        "button_pressed_bit": "false",
        "facing_direction": "1"
    },
    "minecraft:birch_door": {
        "direction": "3",
        "upper_block_bit": "false",
        "door_hinge_bit": "false",
        "open_bit": "false"
    },
    "minecraft:birch_fence_gate": {
        "direction": "2",
        "in_wall_bit": "false",
        "open_bit": "false"
    },
    "minecraft:birch_hanging_sign": {
        "attached_bit": "false",
        "hanging": "true",
        "ground_sign_direction": "0",
        "facing_direction": "2"
    },
    "minecraft:birch_leaves": {
        "persistent_bit": "false",
        "update_bit": "false"
    },
    "minecraft:birch_log": {
        "pillar_axis": "y"
    },
    "minecraft:birch_pressure_plate": {
        "redstone_signal": "0"
    },
    "minecraft:birch_sapling": {
        "age_bit": "false"
    },
    "minecraft:birch_standing_sign": {
        "ground_sign_direction": "0"
    },
    "minecraft:birch_slab": {
        "minecraft:vertical_half": "bottom"
    },
    "minecraft:birch_double_slab": {
        "minecraft:vertical_half": "bottom"
    },
    "minecraft:birch_stairs": {
        "weirdo_direction": "3",
        "upside_down_bit": "false"
    },
    "minecraft:birch_trapdoor": {
        "direction": "3",
        "upside_down_bit": "false",
        "open_bit": "false"
    },
    "minecraft:birch_wall_sign": {
        "facing_direction": "2"
    },
    "minecraft:birch_wood": {
        "pillar_axis": "y"
    },
    "minecraft:standing_banner": {
        "ground_sign_direction": "0"
    },
    "minecraft:bed": {
        "direction": "2",
        "occupied_bit": "false",
        "head_piece_bit": "false"
    },
    "minecraft:black_candle": {
        "candles": "0",
        "lit": "false"
    },
    "minecraft:black_candle_cake": {
        "lit": "false"
    },
    "minecraft:black_glazed_terracotta": {
        "facing_direction": "2"
    },
    "minecraft:wall_banner": {
        "facing_direction": "2"
    },
    "minecraft:blackstone_slab": {
        "minecraft:vertical_half": "bottom"
    },
    "minecraft:blackstone_double_slab": {
        "minecraft:vertical_half": "bottom"
    },
    "minecraft:blackstone_stairs": {
        "weirdo_direction": "3",
        "upside_down_bit": "false"
    },
    "minecraft:blackstone_wall": {
        "wall_connection_type_east": "none",
        "wall_connection_type_north": "none",
        "wall_connection_type_south": "none",
        "wall_post_bit": "false",
        "wall_connection_type_west": "none"
    },
    "minecraft:blast_furnace": {
        "minecraft:cardinal_direction": "north"
    },
    "minecraft:lit_blast_furnace": {
        "minecraft:cardinal_direction": "north"
    },
    "minecraft:blue_candle": {
        "candles": "0",
        "lit": "false"
    },
    "minecraft:blue_candle_cake": {
        "lit": "false"
    },
    "minecraft:blue_glazed_terracotta": {
        "facing_direction": "2"
    },
    "minecraft:bone_block": {
        "pillar_axis": "y",
        "deprecated": "0"
    },
    "minecraft:coral_block": {
        "coral_color": "blue",
        "dead_bit": "false"
    },
    "minecraft:brain_coral_fan": {
        "coral_fan_direction": "0"
    },
    "minecraft:coral_fan_hang": {
        "coral_direction": "2",
        "coral_hang_type_bit": "false",
        "dead_bit": "false"
    },
    "minecraft:brewing_stand": {
        "brewing_stand_slot_a_bit": "false",
        "brewing_stand_slot_b_bit": "false",
        "brewing_stand_slot_c_bit": "false"
    },
    "minecraft:stone_block_slab": {
        "stone_slab_type": "smooth_stone",
        "minecraft:vertical_half": "bottom"
    },
    "minecraft:double_stone_block_slab": {
        "stone_slab_type": "smooth_stone",
        "minecraft:vertical_half": "bottom"
    },
    "minecraft:brick_stairs": {
        "weirdo_direction": "3",
        "upside_down_bit": "false"
    },
    "minecraft:brown_candle": {
        "candles": "0",
        "lit": "false"
    },
    "minecraft:brown_candle_cake": {
        "lit": "false"
    },
    "minecraft:brown_glazed_terracotta": {
        "facing_direction": "2"
    },
    "minecraft:brown_mushroom_block": {
        "huge_mushroom_bits": "14"
    },
    "minecraft:bubble_column": {
        "drag_down": "true"
    },
    "minecraft:bubble_coral_fan": {
        "coral_fan_direction": "0"
    },
    "minecraft:coral_fan_hang2": {
        "coral_direction": "2",
        "coral_hang_type_bit": "false",
        "dead_bit": "false"
    },
    "minecraft:cactus": {
        "age": "0"
    },
    "minecraft:cake": {
        "bite_counter": "0"
    },
    "minecraft:calibrated_sculk_sensor": {
        "sculk_sensor_phase": "2",
        "minecraft:cardinal_direction": "north"
    },
    "minecraft:campfire": {
        "minecraft:cardinal_direction": "north",
        "extinguished": "false"
    },
    "minecraft:candle": {
        "candles": "0",
        "lit": "false"
    },
    "minecraft:candle_cake": {
        "lit": "false"
    },
    "minecraft:carrots": {
        "growth": "0"
    },
    "minecraft:carved_pumpkin": {
        "minecraft:cardinal_direction": "north"
    },
    "minecraft:cauldron": {
        "fill_level": "0",
        "cauldron_liquid": "water"
    },
    "minecraft:cave_vines": {
        "growing_plant_age": "0"
    },
    "minecraft:cave_vines_head_with_berries": {
        "growing_plant_age": "0"
    },
    "minecraft:cave_vines_body_with_berries": {
        "growing_plant_age": "0"
    },
    "minecraft:chain": {
        "pillar_axis": "y"
    },
    "minecraft:chain_command_block": {
        "conditional_bit": "false",
        "facing_direction": "2"
    },
    "minecraft:cherry_button": {
        "button_pressed_bit": "false",
        "facing_direction": "1"
    },
    "minecraft:cherry_door": {
        "direction": "3",
        "upper_block_bit": "false",
        "door_hinge_bit": "false",
        "open_bit": "false"
    },
    "minecraft:cherry_fence_gate": {
        "direction": "2",
        "in_wall_bit": "false",
        "open_bit": "false"
    },
    "minecraft:cherry_hanging_sign": {
        "attached_bit": "false",
        "hanging": "true",
        "ground_sign_direction": "0",
        "facing_direction": "2"
    },
    "minecraft:cherry_leaves": {
        "persistent_bit": "false",
        "update_bit": "false"
    },
    "minecraft:cherry_log": {
        "pillar_axis": "y"
    },
    "minecraft:cherry_pressure_plate": {
        "redstone_signal": "0"
    },
    "minecraft:cherry_sapling": {
        "age_bit": "false"
    },
    "minecraft:cherry_standing_sign": {
        "ground_sign_direction": "0"
    },
    "minecraft:cherry_slab": {
        "minecraft:vertical_half": "bottom"
    },
    "minecraft:cherry_double_slab": {
        "minecraft:vertical_half": "bottom"
    },
    "minecraft:cherry_stairs": {
        "weirdo_direction": "3",
        "upside_down_bit": "false"
    },
    "minecraft:cherry_trapdoor": {
        "direction": "3",
        "upside_down_bit": "false",
        "open_bit": "false"
    },
    "minecraft:cherry_wall_sign": {
        "facing_direction": "2"
    },
    "minecraft:cherry_wood": {
        "pillar_axis": "y",
        "stripped_bit": "false"
    },
    "minecraft:chest": {
        "minecraft:cardinal_direction": "north"
    },
    "minecraft:chiseled_bookshelf": {
        "direction": "2",
        "books_stored": "0"
    },
    "minecraft:quartz_block": {
        "chisel_type": "default",
        "pillar_axis": "y"
    },
    "minecraft:red_sandstone": {
        "sand_stone_type": "default"
    },
    "minecraft:sandstone": {
        "sand_stone_type": "default"
    },
    "minecraft:stonebrick": {
        "stone_brick_type": "default"
    },
    "minecraft:chorus_flower": {
        "age": "0"
    },
    "minecraft:dirt": {
        "dirt_type": "normal"
    },
    "minecraft:cobbled_deepslate_slab": {
        "minecraft:vertical_half": "bottom"
    },
    "minecraft:cobbled_deepslate_double_slab": {
        "minecraft:vertical_half": "bottom"
    },
    "minecraft:cobbled_deepslate_stairs": {
        "weirdo_direction": "3",
        "upside_down_bit": "false"
    },
    "minecraft:cobbled_deepslate_wall": {
        "wall_connection_type_east": "none",
        "wall_connection_type_north": "none",
        "wall_connection_type_south": "none",
        "wall_post_bit": "false",
        "wall_connection_type_west": "none"
    },
    "minecraft:stone_stairs": {
        "weirdo_direction": "3",
        "upside_down_bit": "false"
    },
    "minecraft:cocoa": {
        "age": "0",
        "direction": "2"
    },
    "minecraft:command_block": {
        "conditional_bit": "false",
        "facing_direction": "2"
    },
    "minecraft:unpowered_comparator": {
        "minecraft:cardinal_direction": "north",
        "output_subtract_bit": "false",
        "output_lit_bit": "false"
    },
    "minecraft:powered_comparator": {
        "minecraft:cardinal_direction": "north",
        "output_subtract_bit": "false",
        "output_lit_bit": "false"
    },
    "minecraft:composter": {
        "composter_fill_level": "0"
    },
    "minecraft:copper_bulb": {
        "lit": "false",
        "powered_bit": "false"
    },
    "minecraft:copper_door": {
        "direction": "3",
        "upper_block_bit": "false",
        "door_hinge_bit": "false",
        "open_bit": "false"
    },
    "minecraft:copper_trapdoor": {
        "direction": "3",
        "upside_down_bit": "false",
        "open_bit": "false"
    },
    "minecraft:crafter": {
        "crafting": "false",
        "orientation": "down_east",
        "triggered_bit": "false"
    },
    "minecraft:skull": {
        "facing_direction": "1"
    },
    "minecraft:crimson_button": {
        "button_pressed_bit": "false",
        "facing_direction": "1"
    },
    "minecraft:crimson_door": {
        "direction": "3",
        "upper_block_bit": "false",
        "door_hinge_bit": "false",
        "open_bit": "false"
    },
    "minecraft:crimson_fence_gate": {
        "direction": "2",
        "in_wall_bit": "false",
        "open_bit": "false"
    },
    "minecraft:crimson_hanging_sign": {
        "attached_bit": "false",
        "hanging": "true",
        "ground_sign_direction": "0",
        "facing_direction": "2"
    },
    "minecraft:crimson_hyphae": {
        "pillar_axis": "y"
    },
    "minecraft:crimson_pressure_plate": {
        "redstone_signal": "0"
    },
    "minecraft:crimson_standing_sign": {
        "ground_sign_direction": "0"
    },
    "minecraft:crimson_slab": {
        "minecraft:vertical_half": "bottom"
    },
    "minecraft:crimson_double_slab": {
        "minecraft:vertical_half": "bottom"
    },
    "minecraft:crimson_stairs": {
        "weirdo_direction": "3",
        "upside_down_bit": "false"
    },
    "minecraft:crimson_stem": {
        "pillar_axis": "y"
    },
    "minecraft:crimson_trapdoor": {
        "direction": "3",
        "upside_down_bit": "false",
        "open_bit": "false"
    },
    "minecraft:crimson_wall_sign": {
        "facing_direction": "2"
    },
    "minecraft:cut_copper_slab": {
        "minecraft:vertical_half": "bottom"
    },
    "minecraft:double_cut_copper_slab": {
        "minecraft:vertical_half": "bottom"
    },
    "minecraft:cut_copper_stairs": {
        "weirdo_direction": "3",
        "upside_down_bit": "false"
    },
    "minecraft:stone_block_slab4": {
        "stone_slab_type_4": "mossy_stone_brick",
        "minecraft:vertical_half": "bottom"
    },
    "minecraft:double_stone_block_slab4": {
        "stone_slab_type_4": "mossy_stone_brick",
        "minecraft:vertical_half": "bottom"
    },
    "minecraft:cyan_candle": {
        "candles": "0",
        "lit": "false"
    },
    "minecraft:cyan_candle_cake": {
        "lit": "false"
    },
    "minecraft:cyan_glazed_terracotta": {
        "facing_direction": "2"
    },
    "minecraft:dark_oak_button": {
        "button_pressed_bit": "false",
        "facing_direction": "1"
    },
    "minecraft:dark_oak_door": {
        "direction": "3",
        "upper_block_bit": "false",
        "door_hinge_bit": "false",
        "open_bit": "false"
    },
    "minecraft:dark_oak_fence_gate": {
        "direction": "2",
        "in_wall_bit": "false",
        "open_bit": "false"
    },
    "minecraft:dark_oak_hanging_sign": {
        "attached_bit": "false",
        "hanging": "true",
        "ground_sign_direction": "0",
        "facing_direction": "2"
    },
    "minecraft:dark_oak_leaves": {
        "persistent_bit": "false",
        "update_bit": "false"
    },
    "minecraft:dark_oak_log": {
        "pillar_axis": "y"
    },
    "minecraft:dark_oak_pressure_plate": {
        "redstone_signal": "0"
    },
    "minecraft:dark_oak_sapling": {
        "age_bit": "false"
    },
    "minecraft:darkoak_standing_sign": {
        "ground_sign_direction": "0"
    },
    "minecraft:dark_oak_slab": {
        "minecraft:vertical_half": "bottom"
    },
    "minecraft:dark_oak_double_slab": {
        "minecraft:vertical_half": "bottom"
    },
    "minecraft:dark_oak_stairs": {
        "weirdo_direction": "3",
        "upside_down_bit": "false"
    },
    "minecraft:dark_oak_trapdoor": {
        "direction": "3",
        "upside_down_bit": "false",
        "open_bit": "false"
    },
    "minecraft:darkoak_wall_sign": {
        "facing_direction": "2"
    },
    "minecraft:dark_oak_wood": {
        "pillar_axis": "y"
    },
    "minecraft:prismarine": {
        "prismarine_block_type": "default"
    },
    "minecraft:stone_block_slab2": {
        "stone_slab_type_2": "red_sandstone",
        "minecraft:vertical_half": "bottom"
    },
    "minecraft:double_stone_block_slab2": {
        "stone_slab_type_2": "red_sandstone",
        "minecraft:vertical_half": "bottom"
    },
    "minecraft:dark_prismarine_stairs": {
        "weirdo_direction": "3",
        "upside_down_bit": "false"
    },
    "minecraft:daylight_detector": {
        "redstone_signal": "0"
    },
    "minecraft:daylight_detector_inverted": {
        "redstone_signal": "0"
    },
    "minecraft:dead_brain_coral_fan": {
        "coral_fan_direction": "0"
    },
    "minecraft:dead_bubble_coral_fan": {
        "coral_fan_direction": "0"
    },
    "minecraft:dead_fire_coral_fan": {
        "coral_fan_direction": "0"
    },
    "minecraft:dead_horn_coral_fan": {
        "coral_fan_direction": "0"
    },
    "minecraft:coral_fan_hang3": {
        "coral_direction": "2",
        "coral_hang_type_bit": "false",
        "dead_bit": "false"
    },
    "minecraft:dead_tube_coral_fan": {
        "coral_fan_direction": "0"
    },
    "minecraft:decorated_pot": {
        "direction": "0"
    },
    "minecraft:deepslate": {
        "pillar_axis": "y"
    },
    "minecraft:deepslate_brick_slab": {
        "minecraft:vertical_half": "bottom"
    },
    "minecraft:deepslate_brick_double_slab": {
        "minecraft:vertical_half": "bottom"
    },
    "minecraft:deepslate_brick_stairs": {
        "weirdo_direction": "3",
        "upside_down_bit": "false"
    },
    "minecraft:deepslate_brick_wall": {
        "wall_connection_type_east": "none",
        "wall_connection_type_north": "none",
        "wall_connection_type_south": "none",
        "wall_post_bit": "false",
        "wall_connection_type_west": "none"
    },
    "minecraft:deepslate_tile_slab": {
        "minecraft:vertical_half": "bottom"
    },
    "minecraft:deepslate_tile_double_slab": {
        "minecraft:vertical_half": "bottom"
    },
    "minecraft:deepslate_tile_stairs": {
        "weirdo_direction": "3",
        "upside_down_bit": "false"
    },
    "minecraft:deepslate_tile_wall": {
        "wall_connection_type_east": "none",
        "wall_connection_type_north": "none",
        "wall_connection_type_south": "none",
        "wall_post_bit": "false",
        "wall_connection_type_west": "none"
    },
    "minecraft:detector_rail": {
        "rail_data_bit": "false",
        "rail_direction": "0"
    },
    "minecraft:diorite_stairs": {
        "weirdo_direction": "3",
        "upside_down_bit": "false"
    },
    "minecraft:dispenser": {
        "facing_direction": "2",
        "triggered_bit": "false"
    },
    "minecraft:dropper": {
        "facing_direction": "2",
        "triggered_bit": "false"
    },
    "minecraft:end_portal_frame": {
        "end_portal_eye_bit": "false",
        "minecraft:cardinal_direction": "north"
    },
    "minecraft:end_rod": {
        "facing_direction": "3"
    },
    "minecraft:end_brick_stairs": {
        "weirdo_direction": "3",
        "upside_down_bit": "false"
    },
    "minecraft:ender_chest": {
        "minecraft:cardinal_direction": "north"
    },
    "minecraft:exposed_copper_bulb": {
        "lit": "false",
        "powered_bit": "false"
    },
    "minecraft:exposed_copper_door": {
        "direction": "3",
        "upper_block_bit": "false",
        "door_hinge_bit": "false",
        "open_bit": "false"
    },
    "minecraft:exposed_copper_trapdoor": {
        "direction": "3",
        "upside_down_bit": "false",
        "open_bit": "false"
    },
    "minecraft:exposed_cut_copper_slab": {
        "minecraft:vertical_half": "bottom"
    },
    "minecraft:exposed_double_cut_copper_slab": {
        "minecraft:vertical_half": "bottom"
    },
    "minecraft:exposed_cut_copper_stairs": {
        "weirdo_direction": "3",
        "upside_down_bit": "false"
    },
    "minecraft:farmland": {
        "moisturized_amount": "0"
    },
    "minecraft:tallgrass": {
        "tall_grass_type": "tall"
    },
    "minecraft:fire": {
        "age": "0"
    },
    "minecraft:fire_coral_fan": {
        "coral_fan_direction": "0"
    },
    "minecraft:flower_pot": {
        "update_bit": "false"
    },
    "minecraft:azalea_leaves_flowered": {
        "persistent_bit": "false",
        "update_bit": "false"
    },
    "minecraft:frosted_ice": {
        "age": "0"
    },
    "minecraft:furnace": {
        "minecraft:cardinal_direction": "north"
    },
    "minecraft:lit_furnace": {
        "minecraft:cardinal_direction": "north"
    },
    "minecraft:glow_lichen": {
        "multi_face_direction_bits": "1"
    },
    "minecraft:granite_stairs": {
        "weirdo_direction": "3",
        "upside_down_bit": "false"
    },
    "minecraft:gray_candle": {
        "candles": "0",
        "lit": "false"
    },
    "minecraft:gray_candle_cake": {
        "lit": "false"
    },
    "minecraft:gray_glazed_terracotta": {
        "facing_direction": "2"
    },
    "minecraft:green_candle": {
        "candles": "0",
        "lit": "false"
    },
    "minecraft:green_candle_cake": {
        "lit": "false"
    },
    "minecraft:green_glazed_terracotta": {
        "facing_direction": "2"
    },
    "minecraft:grindstone": {
        "attachment": "side",
        "direction": "2"
    },
    "minecraft:hay_block": {
        "pillar_axis": "y",
        "deprecated": "0"
    },
    "minecraft:heavy_weighted_pressure_plate": {
        "redstone_signal": "0"
    },
    "minecraft:hopper": {
        "toggle_bit": "true",
        "facing_direction": "2"
    },
    "minecraft:horn_coral_fan": {
        "coral_fan_direction": "0"
    },
    "minecraft:monster_egg": {
        "monster_egg_stone_type": "stone"
    },
    "minecraft:infested_deepslate": {
        "pillar_axis": "y"
    },
    "minecraft:iron_door": {
        "direction": "3",
        "upper_block_bit": "false",
        "door_hinge_bit": "false",
        "open_bit": "false"
    },
    "minecraft:iron_trapdoor": {
        "direction": "3",
        "upside_down_bit": "false",
        "open_bit": "false"
    },
    "minecraft:lit_pumpkin": {
        "minecraft:cardinal_direction": "north"
    },
    "minecraft:jungle_button": {
        "button_pressed_bit": "false",
        "facing_direction": "1"
    },
    "minecraft:jungle_door": {
        "direction": "3",
        "upper_block_bit": "false",
        "door_hinge_bit": "false",
        "open_bit": "false"
    },
    "minecraft:jungle_fence_gate": {
        "direction": "2",
        "in_wall_bit": "false",
        "open_bit": "false"
    },
    "minecraft:jungle_hanging_sign": {
        "attached_bit": "false",
        "hanging": "true",
        "ground_sign_direction": "0",
        "facing_direction": "2"
    },
    "minecraft:jungle_leaves": {
        "persistent_bit": "false",
        "update_bit": "false"
    },
    "minecraft:jungle_log": {
        "pillar_axis": "y"
    },
    "minecraft:jungle_pressure_plate": {
        "redstone_signal": "0"
    },
    "minecraft:jungle_sapling": {
        "age_bit": "false"
    },
    "minecraft:jungle_standing_sign": {
        "ground_sign_direction": "0"
    },
    "minecraft:jungle_slab": {
        "minecraft:vertical_half": "bottom"
    },
    "minecraft:jungle_double_slab": {
        "minecraft:vertical_half": "bottom"
    },
    "minecraft:jungle_stairs": {
        "weirdo_direction": "3",
        "upside_down_bit": "false"
    },
    "minecraft:jungle_trapdoor": {
        "direction": "3",
        "upside_down_bit": "false",
        "open_bit": "false"
    },
    "minecraft:jungle_wall_sign": {
        "facing_direction": "2"
    },
    "minecraft:jungle_wood": {
        "pillar_axis": "y"
    },
    "minecraft:kelp": {
        "kelp_age": "0"
    },
    "minecraft:ladder": {
        "facing_direction": "2"
    },
    "minecraft:lantern": {
        "hanging": "false"
    },
    "minecraft:large_amethyst_bud": {
        "minecraft:block_face": "north"
    },
    "minecraft:double_plant": {
        "upper_block_bit": "false",
        "double_plant_type": "sunflower"
    },
    "minecraft:lava": {
        "liquid_depth": "0"
    },
    "minecraft:flowing_lava": {
        "liquid_depth": "0"
    },
    "minecraft:lectern": {
        "minecraft:cardinal_direction": "north",
        "powered_bit": "false"
    },
    "minecraft:lever": {
        "lever_direction": "up_north_south",
        "open_bit": "false"
    },
    "minecraft:light_block": {
        "block_light_level": "15"
    },
    "minecraft:light_blue_candle": {
        "candles": "0",
        "lit": "false"
    },
    "minecraft:light_blue_candle_cake": {
        "lit": "false"
    },
    "minecraft:light_blue_glazed_terracotta": {
        "facing_direction": "2"
    },
    "minecraft:light_gray_candle": {
        "candles": "0",
        "lit": "false"
    },
    "minecraft:light_gray_candle_cake": {
        "lit": "false"
    },
    "minecraft:silver_glazed_terracotta": {
        "facing_direction": "2"
    },
    "minecraft:light_weighted_pressure_plate": {
        "redstone_signal": "0"
    },
    "minecraft:lightning_rod": {
        "facing_direction": "2"
    },
    "minecraft:lime_candle": {
        "candles": "0",
        "lit": "false"
    },
    "minecraft:lime_candle_cake": {
        "lit": "false"
    },
    "minecraft:lime_glazed_terracotta": {
        "facing_direction": "2"
    },
    "minecraft:loom": {
        "direction": "2"
    },
    "minecraft:magenta_candle": {
        "candles": "0",
        "lit": "false"
    },
    "minecraft:magenta_candle_cake": {
        "lit": "false"
    },
    "minecraft:magenta_glazed_terracotta": {
        "facing_direction": "2"
    },
    "minecraft:mangrove_button": {
        "button_pressed_bit": "false",
        "facing_direction": "1"
    },
    "minecraft:mangrove_door": {
        "direction": "3",
        "upper_block_bit": "false",
        "door_hinge_bit": "false",
        "open_bit": "false"
    },
    "minecraft:mangrove_fence_gate": {
        "direction": "2",
        "in_wall_bit": "false",
        "open_bit": "false"
    },
    "minecraft:mangrove_hanging_sign": {
        "attached_bit": "false",
        "hanging": "true",
        "ground_sign_direction": "0",
        "facing_direction": "2"
    },
    "minecraft:mangrove_leaves": {
        "persistent_bit": "false",
        "update_bit": "false"
    },
    "minecraft:mangrove_log": {
        "pillar_axis": "y"
    },
    "minecraft:mangrove_pressure_plate": {
        "redstone_signal": "0"
    },
    "minecraft:mangrove_propagule": {
        "hanging": "false",
        "propagule_stage": "0"
    },
    "minecraft:mangrove_standing_sign": {
        "ground_sign_direction": "0"
    },
    "minecraft:mangrove_slab": {
        "minecraft:vertical_half": "bottom"
    },
    "minecraft:mangrove_double_slab": {
        "minecraft:vertical_half": "bottom"
    },
    "minecraft:mangrove_stairs": {
        "weirdo_direction": "3",
        "upside_down_bit": "false"
    },
    "minecraft:mangrove_trapdoor": {
        "direction": "3",
        "upside_down_bit": "false",
        "open_bit": "false"
    },
    "minecraft:mangrove_wall_sign": {
        "facing_direction": "2"
    },
    "minecraft:mangrove_wood": {
        "pillar_axis": "y",
        "stripped_bit": "false"
    },
    "minecraft:medium_amethyst_bud": {
        "minecraft:block_face": "north"
    },
    "minecraft:mossy_cobblestone_stairs": {
        "weirdo_direction": "3",
        "upside_down_bit": "false"
    },
    "minecraft:mossy_stone_brick_stairs": {
        "weirdo_direction": "3",
        "upside_down_bit": "false"
    },
    "minecraft:mud_brick_slab": {
        "minecraft:vertical_half": "bottom"
    },
    "minecraft:mud_brick_double_slab": {
        "minecraft:vertical_half": "bottom"
    },
    "minecraft:mud_brick_stairs": {
        "weirdo_direction": "3",
        "upside_down_bit": "false"
    },
    "minecraft:mud_brick_wall": {
        "wall_connection_type_east": "none",
        "wall_connection_type_north": "none",
        "wall_connection_type_south": "none",
        "wall_post_bit": "false",
        "wall_connection_type_west": "none"
    },
    "minecraft:muddy_mangrove_roots": {
        "pillar_axis": "y"
    },
    "minecraft:nether_brick_stairs": {
        "weirdo_direction": "3",
        "upside_down_bit": "false"
    },
    "minecraft:portal": {
        "portal_axis": "x"
    },
    "minecraft:nether_wart": {
        "age": "0"
    },
    "minecraft:wooden_button": {
        "button_pressed_bit": "false",
        "facing_direction": "1"
    },
    "minecraft:wooden_door": {
        "direction": "3",
        "upper_block_bit": "false",
        "door_hinge_bit": "false",
        "open_bit": "false"
    },
    "minecraft:fence_gate": {
        "direction": "2",
        "in_wall_bit": "false",
        "open_bit": "false"
    },
    "minecraft:oak_hanging_sign": {
        "attached_bit": "false",
        "hanging": "true",
        "ground_sign_direction": "0",
        "facing_direction": "2"
    },
    "minecraft:oak_leaves": {
        "persistent_bit": "false",
        "update_bit": "false"
    },
    "minecraft:oak_log": {
        "pillar_axis": "y"
    },
    "minecraft:wooden_pressure_plate": {
        "redstone_signal": "0"
    },
    "minecraft:oak_sapling": {
        "age_bit": "false"
    },
    "minecraft:standing_sign": {
        "ground_sign_direction": "0"
    },
    "minecraft:oak_slab": {
        "minecraft:vertical_half": "bottom"
    },
    "minecraft:oak_double_slab": {
        "minecraft:vertical_half": "bottom"
    },
    "minecraft:oak_stairs": {
        "weirdo_direction": "3",
        "upside_down_bit": "false"
    },
    "minecraft:trapdoor": {
        "direction": "3",
        "upside_down_bit": "false",
        "open_bit": "false"
    },
    "minecraft:wall_sign": {
        "facing_direction": "2"
    },
    "minecraft:oak_wood": {
        "pillar_axis": "y"
    },
    "minecraft:observer": {
        "minecraft:facing_direction": "north",
        "powered_bit": "false"
    },
    "minecraft:ochre_froglight": {
        "pillar_axis": "y"
    },
    "minecraft:orange_candle": {
        "candles": "0",
        "lit": "false"
    },
    "minecraft:orange_candle_cake": {
        "lit": "false"
    },
    "minecraft:orange_glazed_terracotta": {
        "facing_direction": "2"
    },
    "minecraft:oxidized_copper_bulb": {
        "lit": "false",
        "powered_bit": "false"
    },
    "minecraft:oxidized_copper_door": {
        "direction": "3",
        "upper_block_bit": "false",
        "door_hinge_bit": "false",
        "open_bit": "false"
    },
    "minecraft:oxidized_copper_trapdoor": {
        "direction": "3",
        "upside_down_bit": "false",
        "open_bit": "false"
    },
    "minecraft:oxidized_cut_copper_slab": {
        "minecraft:vertical_half": "bottom"
    },
    "minecraft:oxidized_double_cut_copper_slab": {
        "minecraft:vertical_half": "bottom"
    },
    "minecraft:oxidized_cut_copper_stairs": {
        "weirdo_direction": "3",
        "upside_down_bit": "false"
    },
    "minecraft:pearlescent_froglight": {
        "pillar_axis": "y"
    },
    "minecraft:pink_candle": {
        "candles": "0",
        "lit": "false"
    },
    "minecraft:pink_candle_cake": {
        "lit": "false"
    },
    "minecraft:pink_glazed_terracotta": {
        "facing_direction": "2"
    },
    "minecraft:pink_petals": {
        "minecraft:cardinal_direction": "north",
        "growth": "0"
    },
    "minecraft:piston": {
        "facing_direction": "3"
    },
    "minecraft:piston_arm_collision": {
        "facing_direction": "3"
    },
    "minecraft:sticky_piston_arm_collision": {
        "facing_direction": "3"
    },
    "minecraft:pitcher_crop": {
        "growth": "0",
        "upper_block_bit": "false"
    },
    "minecraft:pitcher_plant": {
        "upper_block_bit": "false"
    },
    "minecraft:pointed_dripstone": {
        "dripstone_thickness": "tip",
        "hanging": "false"
    },
    "minecraft:polished_andesite_stairs": {
        "weirdo_direction": "3",
        "upside_down_bit": "false"
    },
    "minecraft:polished_basalt": {
        "pillar_axis": "y"
    },
    "minecraft:polished_blackstone_brick_slab": {
        "minecraft:vertical_half": "bottom"
    },
    "minecraft:polished_blackstone_brick_double_slab": {
        "minecraft:vertical_half": "bottom"
    },
    "minecraft:polished_blackstone_brick_stairs": {
        "weirdo_direction": "3",
        "upside_down_bit": "false"
    },
    "minecraft:polished_blackstone_brick_wall": {
        "wall_connection_type_east": "none",
        "wall_connection_type_north": "none",
        "wall_connection_type_south": "none",
        "wall_post_bit": "false",
        "wall_connection_type_west": "none"
    },
    "minecraft:polished_blackstone_button": {
        "button_pressed_bit": "false",
        "facing_direction": "1"
    },
    "minecraft:polished_blackstone_pressure_plate": {
        "redstone_signal": "0"
    },
    "minecraft:polished_blackstone_slab": {
        "minecraft:vertical_half": "bottom"
    },
    "minecraft:polished_blackstone_double_slab": {
        "minecraft:vertical_half": "bottom"
    },
    "minecraft:polished_blackstone_stairs": {
        "weirdo_direction": "3",
        "upside_down_bit": "false"
    },
    "minecraft:polished_blackstone_wall": {
        "wall_connection_type_east": "none",
        "wall_connection_type_north": "none",
        "wall_connection_type_south": "none",
        "wall_post_bit": "false",
        "wall_connection_type_west": "none"
    },
    "minecraft:polished_deepslate_slab": {
        "minecraft:vertical_half": "bottom"
    },
    "minecraft:polished_deepslate_double_slab": {
        "minecraft:vertical_half": "bottom"
    },
    "minecraft:polished_deepslate_stairs": {
        "weirdo_direction": "3",
        "upside_down_bit": "false"
    },
    "minecraft:polished_deepslate_wall": {
        "wall_connection_type_east": "none",
        "wall_connection_type_north": "none",
        "wall_connection_type_south": "none",
        "wall_post_bit": "false",
        "wall_connection_type_west": "none"
    },
    "minecraft:polished_diorite_stairs": {
        "weirdo_direction": "3",
        "upside_down_bit": "false"
    },
    "minecraft:polished_granite_stairs": {
        "weirdo_direction": "3",
        "upside_down_bit": "false"
    },
    "minecraft:polished_tuff_slab": {
        "minecraft:vertical_half": "bottom"
    },
    "minecraft:polished_tuff_double_slab": {
        "minecraft:vertical_half": "bottom"
    },
    "minecraft:polished_tuff_stairs": {
        "weirdo_direction": "3",
        "upside_down_bit": "false"
    },
    "minecraft:polished_tuff_wall": {
        "wall_connection_type_east": "none",
        "wall_connection_type_north": "none",
        "wall_connection_type_south": "none",
        "wall_post_bit": "false",
        "wall_connection_type_west": "none"
    },
    "minecraft:potatoes": {
        "growth": "0"
    },
    "minecraft:golden_rail": {
        "rail_data_bit": "false",
        "rail_direction": "0"
    },
    "minecraft:prismarine_bricks_stairs": {
        "weirdo_direction": "3",
        "upside_down_bit": "false"
    },
    "minecraft:prismarine_stairs": {
        "weirdo_direction": "3",
        "upside_down_bit": "false"
    },
    "minecraft:pumpkin": {
        "minecraft:cardinal_direction": "north"
    },
    "minecraft:purple_candle": {
        "candles": "0",
        "lit": "false"
    },
    "minecraft:purple_candle_cake": {
        "lit": "false"
    },
    "minecraft:purple_glazed_terracotta": {
        "facing_direction": "2"
    },
    "minecraft:purpur_block": {
        "chisel_type": "default",
        "pillar_axis": "y"
    },
    "minecraft:purpur_stairs": {
        "weirdo_direction": "3",
        "upside_down_bit": "false"
    },
    "minecraft:quartz_stairs": {
        "weirdo_direction": "3",
        "upside_down_bit": "false"
    },
    "minecraft:rail": {
        "rail_direction": "0"
    },
    "minecraft:red_candle": {
        "candles": "0",
        "lit": "false"
    },
    "minecraft:red_candle_cake": {
        "lit": "false"
    },
    "minecraft:red_glazed_terracotta": {
        "facing_direction": "2"
    },
    "minecraft:red_mushroom_block": {
        "huge_mushroom_bits": "14"
    },
    "minecraft:red_nether_brick_stairs": {
        "weirdo_direction": "3",
        "upside_down_bit": "false"
    },
    "minecraft:sand": {
        "sand_type": "normal"
    },
    "minecraft:red_sandstone_stairs": {
        "weirdo_direction": "3",
        "upside_down_bit": "false"
    },
    "minecraft:unlit_redstone_torch": {
        "torch_facing_direction": "top"
    },
    "minecraft:redstone_torch": {
        "torch_facing_direction": "top"
    },
    "minecraft:redstone_wire": {
        "redstone_signal": "0"
    },
    "minecraft:unpowered_repeater": {
        "repeater_delay": "0",
        "minecraft:cardinal_direction": "north"
    },
    "minecraft:powered_repeater": {
        "repeater_delay": "0",
        "minecraft:cardinal_direction": "north"
    },
    "minecraft:repeating_command_block": {
        "conditional_bit": "false",
        "facing_direction": "2"
    },
    "minecraft:respawn_anchor": {
        "respawn_anchor_charge": "0"
    },
    "minecraft:sandstone_stairs": {
        "weirdo_direction": "3",
        "upside_down_bit": "false"
    },
    "minecraft:scaffolding": {
        "stability_check": "true",
        "stability": "7"
    },
    "minecraft:sculk_catalyst": {
        "bloom": "false"
    },
    "minecraft:sculk_sensor": {
        "sculk_sensor_phase": "2"
    },
    "minecraft:sculk_shrieker": {
        "can_summon": "false",
        "active": "false"
    },
    "minecraft:sculk_vein": {
        "multi_face_direction_bits": "1"
    },
    "minecraft:sea_pickle": {
        "cluster_count": "0",
        "dead_bit": "false"
    },
    "minecraft:seagrass": {
        "sea_grass_type": "default"
    },
    "minecraft:small_amethyst_bud": {
        "minecraft:block_face": "north"
    },
    "minecraft:small_dripleaf_block": {
        "minecraft:cardinal_direction": "west",
        "upper_block_bit": "false"
    },
    "minecraft:smoker": {
        "minecraft:cardinal_direction": "north"
    },
    "minecraft:lit_smoker": {
        "minecraft:cardinal_direction": "north"
    },
    "minecraft:smooth_quartz_stairs": {
        "weirdo_direction": "3",
        "upside_down_bit": "false"
    },
    "minecraft:smooth_red_sandstone_stairs": {
        "weirdo_direction": "3",
        "upside_down_bit": "false"
    },
    "minecraft:smooth_sandstone_stairs": {
        "weirdo_direction": "3",
        "upside_down_bit": "false"
    },
    "minecraft:sniffer_egg": {
        "cracked_state": "no_cracks"
    },
    "minecraft:snow_layer": {
        "height": "0",
        "covered_bit": "false"
    },
    "minecraft:soul_campfire": {
        "minecraft:cardinal_direction": "north",
        "extinguished": "false"
    },
    "minecraft:soul_fire": {
        "age": "0"
    },
    "minecraft:soul_lantern": {
        "hanging": "false"
    },
    "minecraft:soul_torch": {
        "torch_facing_direction": "top"
    },
    "minecraft:sponge": {
        "sponge_type": "dry"
    },
    "minecraft:spruce_button": {
        "button_pressed_bit": "false",
        "facing_direction": "1"
    },
    "minecraft:spruce_door": {
        "direction": "3",
        "upper_block_bit": "false",
        "door_hinge_bit": "false",
        "open_bit": "false"
    },
    "minecraft:spruce_fence_gate": {
        "direction": "2",
        "in_wall_bit": "false",
        "open_bit": "false"
    },
    "minecraft:spruce_hanging_sign": {
        "attached_bit": "false",
        "hanging": "true",
        "ground_sign_direction": "0",
        "facing_direction": "2"
    },
    "minecraft:spruce_leaves": {
        "persistent_bit": "false",
        "update_bit": "false"
    },
    "minecraft:spruce_log": {
        "pillar_axis": "y"
    },
    "minecraft:spruce_pressure_plate": {
        "redstone_signal": "0"
    },
    "minecraft:spruce_sapling": {
        "age_bit": "false"
    },
    "minecraft:spruce_standing_sign": {
        "ground_sign_direction": "0"
    },
    "minecraft:spruce_slab": {
        "minecraft:vertical_half": "bottom"
    },
    "minecraft:spruce_double_slab": {
        "minecraft:vertical_half": "bottom"
    },
    "minecraft:spruce_stairs": {
        "weirdo_direction": "3",
        "upside_down_bit": "false"
    },
    "minecraft:spruce_trapdoor": {
        "direction": "3",
        "upside_down_bit": "false",
        "open_bit": "false"
    },
    "minecraft:spruce_wall_sign": {
        "facing_direction": "2"
    },
    "minecraft:spruce_wood": {
        "pillar_axis": "y"
    },
    "minecraft:sticky_piston": {
        "facing_direction": "3"
    },
    "minecraft:stone_brick_stairs": {
        "weirdo_direction": "3",
        "upside_down_bit": "false"
    },
    "minecraft:stone_button": {
        "button_pressed_bit": "false",
        "facing_direction": "1"
    },
    "minecraft:stone_pressure_plate": {
        "redstone_signal": "0"
    },
    "minecraft:normal_stone_stairs": {
        "weirdo_direction": "3",
        "upside_down_bit": "false"
    },
    "minecraft:stonecutter_block": {
        "minecraft:cardinal_direction": "north"
    },
    "minecraft:stripped_acacia_log": {
        "pillar_axis": "y"
    },
    "minecraft:stripped_acacia_wood": {
        "pillar_axis": "y"
    },
    "minecraft:stripped_bamboo_block": {
        "pillar_axis": "y"
    },
    "minecraft:stripped_birch_log": {
        "pillar_axis": "y"
    },
    "minecraft:stripped_birch_wood": {
        "pillar_axis": "y"
    },
    "minecraft:stripped_cherry_log": {
        "pillar_axis": "y"
    },
    "minecraft:stripped_cherry_wood": {
        "pillar_axis": "y"
    },
    "minecraft:stripped_crimson_hyphae": {
        "pillar_axis": "y"
    },
    "minecraft:stripped_crimson_stem": {
        "pillar_axis": "y"
    },
    "minecraft:stripped_dark_oak_log": {
        "pillar_axis": "y"
    },
    "minecraft:stripped_dark_oak_wood": {
        "pillar_axis": "y"
    },
    "minecraft:stripped_jungle_log": {
        "pillar_axis": "y"
    },
    "minecraft:stripped_jungle_wood": {
        "pillar_axis": "y"
    },
    "minecraft:stripped_mangrove_log": {
        "pillar_axis": "y"
    },
    "minecraft:stripped_mangrove_wood": {
        "pillar_axis": "y"
    },
    "minecraft:stripped_oak_log": {
        "pillar_axis": "y"
    },
    "minecraft:stripped_oak_wood": {
        "pillar_axis": "y"
    },
    "minecraft:stripped_spruce_log": {
        "pillar_axis": "y"
    },
    "minecraft:stripped_spruce_wood": {
        "pillar_axis": "y"
    },
    "minecraft:stripped_warped_hyphae": {
        "pillar_axis": "y"
    },
    "minecraft:stripped_warped_stem": {
        "pillar_axis": "y"
    },
    "minecraft:structure_block": {
        "structure_block_type": "data"
    },
    "minecraft:structure_void": {
        "structure_void_type": "air"
    },
    "minecraft:reeds": {
        "age": "0"
    },
    "minecraft:suspicious_gravel": {
        "brushed_progress": "0",
        "hanging": "false"
    },
    "minecraft:suspicious_sand": {
        "brushed_progress": "0",
        "hanging": "false"
    },
    "minecraft:sweet_berry_bush": {
        "growth": "0"
    },
    "minecraft:tnt": {
        "explode_bit": "false",
        "allow_underwater_bit": "false"
    },
    "minecraft:torch": {
        "torch_facing_direction": "top"
    },
    "minecraft:torchflower_crop": {
        "growth": "0"
    },
    "minecraft:trapped_chest": {
        "minecraft:cardinal_direction": "north"
    },
    "minecraft:trip_wire": {
        "attached_bit": "false",
        "disarmed_bit": "false",
        "powered_bit": "false",
        "suspended_bit": "true"
    },
    "minecraft:tripwire_hook": {
        "attached_bit": "false",
        "direction": "2",
        "powered_bit": "false"
    },
    "minecraft:tube_coral_fan": {
        "coral_fan_direction": "0"
    },
    "minecraft:tuff_brick_slab": {
        "minecraft:vertical_half": "bottom"
    },
    "minecraft:tuff_brick_double_slab": {
        "minecraft:vertical_half": "bottom"
    },
    "minecraft:tuff_brick_stairs": {
        "weirdo_direction": "3",
        "upside_down_bit": "false"
    },
    "minecraft:tuff_brick_wall": {
        "wall_connection_type_east": "none",
        "wall_connection_type_north": "none",
        "wall_connection_type_south": "none",
        "wall_post_bit": "false",
        "wall_connection_type_west": "none"
    },
    "minecraft:tuff_slab": {
        "minecraft:vertical_half": "bottom"
    },
    "minecraft:tuff_double_slab": {
        "minecraft:vertical_half": "bottom"
    },
    "minecraft:tuff_stairs": {
        "weirdo_direction": "3",
        "upside_down_bit": "false"
    },
    "minecraft:tuff_wall": {
        "wall_connection_type_east": "none",
        "wall_connection_type_north": "none",
        "wall_connection_type_south": "none",
        "wall_post_bit": "false",
        "wall_connection_type_west": "none"
    },
    "minecraft:turtle_egg": {
        "turtle_egg_count": "one_egg",
        "cracked_state": "no_cracks"
    },
    "minecraft:twisting_vines": {
        "twisting_vines_age": "0"
    },
    "minecraft:verdant_froglight": {
        "pillar_axis": "y"
    },
    "minecraft:vine": {
        "vine_direction_bits": "1"
    },
    "minecraft:warped_button": {
        "button_pressed_bit": "false",
        "facing_direction": "1"
    },
    "minecraft:warped_door": {
        "direction": "3",
        "upper_block_bit": "false",
        "door_hinge_bit": "false",
        "open_bit": "false"
    },
    "minecraft:warped_fence_gate": {
        "direction": "2",
        "in_wall_bit": "false",
        "open_bit": "false"
    },
    "minecraft:warped_hanging_sign": {
        "attached_bit": "false",
        "hanging": "true",
        "ground_sign_direction": "0",
        "facing_direction": "2"
    },
    "minecraft:warped_hyphae": {
        "pillar_axis": "y"
    },
    "minecraft:warped_pressure_plate": {
        "redstone_signal": "0"
    },
    "minecraft:warped_standing_sign": {
        "ground_sign_direction": "0"
    },
    "minecraft:warped_slab": {
        "minecraft:vertical_half": "bottom"
    },
    "minecraft:warped_double_slab": {
        "minecraft:vertical_half": "bottom"
    },
    "minecraft:warped_stairs": {
        "weirdo_direction": "3",
        "upside_down_bit": "false"
    },
    "minecraft:warped_stem": {
        "pillar_axis": "y"
    },
    "minecraft:warped_trapdoor": {
        "direction": "3",
        "upside_down_bit": "false",
        "open_bit": "false"
    },
    "minecraft:warped_wall_sign": {
        "facing_direction": "2"
    },
    "minecraft:water": {
        "liquid_depth": "0"
    },
    "minecraft:flowing_water": {
        "liquid_depth": "0"
    },
    "minecraft:waxed_copper_bulb": {
        "lit": "false",
        "powered_bit": "false"
    },
    "minecraft:waxed_copper_door": {
        "direction": "3",
        "upper_block_bit": "false",
        "door_hinge_bit": "false",
        "open_bit": "false"
    },
    "minecraft:waxed_copper_trapdoor": {
        "direction": "3",
        "upside_down_bit": "false",
        "open_bit": "false"
    },
    "minecraft:waxed_cut_copper_slab": {
        "minecraft:vertical_half": "bottom"
    },
    "minecraft:waxed_double_cut_copper_slab": {
        "minecraft:vertical_half": "bottom"
    },
    "minecraft:waxed_cut_copper_stairs": {
        "weirdo_direction": "3",
        "upside_down_bit": "false"
    },
    "minecraft:waxed_exposed_copper_bulb": {
        "lit": "false",
        "powered_bit": "false"
    },
    "minecraft:waxed_exposed_copper_door": {
        "direction": "3",
        "upper_block_bit": "false",
        "door_hinge_bit": "false",
        "open_bit": "false"
    },
    "minecraft:waxed_exposed_copper_trapdoor": {
        "direction": "3",
        "upside_down_bit": "false",
        "open_bit": "false"
    },
    "minecraft:waxed_exposed_cut_copper_slab": {
        "minecraft:vertical_half": "bottom"
    },
    "minecraft:waxed_exposed_double_cut_copper_slab": {
        "minecraft:vertical_half": "bottom"
    },
    "minecraft:waxed_exposed_cut_copper_stairs": {
        "weirdo_direction": "3",
        "upside_down_bit": "false"
    },
    "minecraft:waxed_oxidized_copper_bulb": {
        "lit": "false",
        "powered_bit": "false"
    },
    "minecraft:waxed_oxidized_copper_door": {
        "direction": "3",
        "upper_block_bit": "false",
        "door_hinge_bit": "false",
        "open_bit": "false"
    },
    "minecraft:waxed_oxidized_copper_trapdoor": {
        "direction": "3",
        "upside_down_bit": "false",
        "open_bit": "false"
    },
    "minecraft:waxed_oxidized_cut_copper_slab": {
        "minecraft:vertical_half": "bottom"
    },
    "minecraft:waxed_oxidized_double_cut_copper_slab": {
        "minecraft:vertical_half": "bottom"
    },
    "minecraft:waxed_oxidized_cut_copper_stairs": {
        "weirdo_direction": "3",
        "upside_down_bit": "false"
    },
    "minecraft:waxed_weathered_copper_bulb": {
        "lit": "false",
        "powered_bit": "false"
    },
    "minecraft:waxed_weathered_copper_door": {
        "direction": "3",
        "upper_block_bit": "false",
        "door_hinge_bit": "false",
        "open_bit": "false"
    },
    "minecraft:waxed_weathered_copper_trapdoor": {
        "direction": "3",
        "upside_down_bit": "false",
        "open_bit": "false"
    },
    "minecraft:waxed_weathered_cut_copper_slab": {
        "minecraft:vertical_half": "bottom"
    },
    "minecraft:waxed_weathered_double_cut_copper_slab": {
        "minecraft:vertical_half": "bottom"
    },
    "minecraft:waxed_weathered_cut_copper_stairs": {
        "weirdo_direction": "3",
        "upside_down_bit": "false"
    },
    "minecraft:weathered_copper_bulb": {
        "lit": "false",
        "powered_bit": "false"
    },
    "minecraft:weathered_copper_door": {
        "direction": "3",
        "upper_block_bit": "false",
        "door_hinge_bit": "false",
        "open_bit": "false"
    },
    "minecraft:weathered_copper_trapdoor": {
        "direction": "3",
        "upside_down_bit": "false",
        "open_bit": "false"
    },
    "minecraft:weathered_cut_copper_slab": {
        "minecraft:vertical_half": "bottom"
    },
    "minecraft:weathered_double_cut_copper_slab": {
        "minecraft:vertical_half": "bottom"
    },
    "minecraft:weathered_cut_copper_stairs": {
        "weirdo_direction": "3",
        "upside_down_bit": "false"
    },
    "minecraft:weeping_vines": {
        "weeping_vines_age": "0"
    },
    "minecraft:wheat": {
        "growth": "0"
    },
    "minecraft:white_candle": {
        "candles": "0",
        "lit": "false"
    },
    "minecraft:white_candle_cake": {
        "lit": "false"
    },
    "minecraft:white_glazed_terracotta": {
        "facing_direction": "2"
    },
    "minecraft:yellow_candle": {
        "candles": "0",
        "lit": "false"
    },
    "minecraft:yellow_candle_cake": {
        "lit": "false"
    },
    "minecraft:yellow_glazed_terracotta": {
        "facing_direction": "2"
    },
    "minecraft:underwater_torch": {
        "torch_facing_direction": "top"
    },
    "minecraft:colored_torch_rg": {
        "torch_facing_direction": "top",
        "color_bit": "false"
    },
    "minecraft:colored_torch_bp": {
        "torch_facing_direction": "top",
        "color_bit": "true"
    }
}